{
 "type": "FeatureCollection",
 "name": "camp_4km_circles",
 "crs": {
  "type": "name",
  "properties": {
   "name": "urn:ogc:def:crs:OGC:1.3/CRS84"
  }
 },
 "features": [
  {
   "type": "Feature",
   "properties": {
    "record_id": "recahEk9YV3M3zGyW",
    "district": "Bara Banki",
    "camp_location": "Shree Bhuyihare baba Mandir, Satyapremi Nagar Barabanki",
    "center_lat": 26.932777,
    "center_lon": 81.194343,
    "radius_m": 4000.0,
    "radius_km": 4.0,
    "stated_distance": "2-3KM",
    "target_household": "500",
    "tentative_date": "21-Aug-26",
    "status": null,
    "geometry_type": "4km_buffer"
   },
   "geometry": {
    "type": "Polygon",
    "coordinates": [
     [
      [
       81.194343,
       26.9687498
      ],
      [
       81.1929344,
       26.9687279
      ],
      [
       81.1915275,
       26.9686622
      ],
      [
       81.190124,
       26.9685527
      ],
      [
       81.1887257,
       26.9683996
      ],
      [
       81.1873342,
       26.9682031
      ],
      [
       81.1859513,
       26.9679635
      ],
      [
       81.1845786,
       26.9676809
      ],
      [
       81.1832179,
       26.9673559
      ],
      [
       81.1818706,
       26.9669886
      ],
      [
       81.1805386,
       26.9665797
      ],
      [
       81.1792235,
       26.9661296
      ],
      [
       81.1779267,
       26.9656389
      ],
      [
       81.17665,
       26.965108
      ],
      [
       81.1753949,
       26.9645378
      ],
      [
       81.1741629,
       26.9639289
      ],
      [
       81.1729554,
       26.9632821
      ],
      [
       81.1717741,
       26.962598
      ],
      [
       81.1706202,
       26.9618776
      ],
      [
       81.1694953,
       26.9611218
      ],
      [
       81.1684007,
       26.9603314
      ],
      [
       81.1673378,
       26.9595074
      ],
      [
       81.1663077,
       26.9586509
      ],
      [
       81.1653118,
       26.9577628
      ],
      [
       81.1643513,
       26.9568443
      ],
      [
       81.1634274,
       26.9558965
      ],
      [
       81.1625412,
       26.9549205
      ],
      [
       81.1616937,
       26.9539175
      ],
      [
       81.1608861,
       26.9528888
      ],
      [
       81.1601192,
       26.9518356
      ],
      [
       81.159394,
       26.9507591
      ],
      [
       81.1587115,
       26.9496607
      ],
      [
       81.1580724,
       26.9485418
      ],
      [
       81.1574774,
       26.9474037
      ],
      [
       81.1569275,
       26.9462477
      ],
      [
       81.1564231,
       26.9450754
      ],
      [
       81.1559649,
       26.943888
      ],
      [
       81.1555535,
       26.9426871
      ],
      [
       81.1551894,
       26.9414742
      ],
      [
       81.154873,
       26.9402507
      ],
      [
       81.1546047,
       26.939018
      ],
      [
       81.1543848,
       26.9377778
      ],
      [
       81.1542136,
       26.9365315
      ],
      [
       81.1540913,
       26.9352806
      ],
      [
       81.154018,
       26.9340267
      ],
      [
       81.1539939,
       26.9327713
      ],
      [
       81.1540189,
       26.9315158
      ],
      [
       81.154093,
       26.930262
      ],
      [
       81.1542162,
       26.9290111
      ],
      [
       81.1543883,
       26.9277649
      ],
      [
       81.1546091,
       26.9265248
      ],
      [
       81.1548782,
       26.9252923
      ],
      [
       81.1551954,
       26.924069
      ],
      [
       81.1555603,
       26.9228562
      ],
      [
       81.1559725,
       26.9216556
      ],
      [
       81.1564313,
       26.9204685
      ],
      [
       81.1569364,
       26.9192964
      ],
      [
       81.157487,
       26.9181408
      ],
      [
       81.1580825,
       26.9170029
      ],
      [
       81.1587222,
       26.9158843
      ],
      [
       81.1594052,
       26.9147863
      ],
      [
       81.1601308,
       26.9137102
      ],
      [
       81.160898,
       26.9126573
      ],
      [
       81.161706,
       26.911629
      ],
      [
       81.1625537,
       26.9106264
      ],
      [
       81.1634401,
       26.9096508
      ],
      [
       81.1643641,
       26.9087033
      ],
      [
       81.1653247,
       26.9077852
      ],
      [
       81.1663206,
       26.9068976
      ],
      [
       81.1673506,
       26.9060414
      ],
      [
       81.1684134,
       26.9052179
      ],
      [
       81.1695078,
       26.9044279
      ],
      [
       81.1706325,
       26.9036724
      ],
      [
       81.171786,
       26.9029524
      ],
      [
       81.172967,
       26.9022687
      ],
      [
       81.174174,
       26.9016222
      ],
      [
       81.1754056,
       26.9010136
      ],
      [
       81.1766602,
       26.9004437
      ],
      [
       81.1779363,
       26.8999133
      ],
      [
       81.1792324,
       26.8994228
      ],
      [
       81.1805469,
       26.8989729
      ],
      [
       81.1818782,
       26.8985643
      ],
      [
       81.1832247,
       26.8981973
      ],
      [
       81.1845847,
       26.8978724
      ],
      [
       81.1859566,
       26.89759
      ],
      [
       81.1873386,
       26.8973505
      ],
      [
       81.1887293,
       26.8971542
      ],
      [
       81.1901267,
       26.8970012
      ],
      [
       81.1915293,
       26.8968918
      ],
      [
       81.1929353,
       26.8968261
      ],
      [
       81.194343,
       26.8968042
      ],
      [
       81.1957507,
       26.8968261
      ],
      [
       81.1971567,
       26.8968918
      ],
      [
       81.1985593,
       26.8970012
      ],
      [
       81.1999567,
       26.8971542
      ],
      [
       81.2013474,
       26.8973505
      ],
      [
       81.2027294,
       26.89759
      ],
      [
       81.2041013,
       26.8978724
      ],
      [
       81.2054613,
       26.8981973
      ],
      [
       81.2068078,
       26.8985643
      ],
      [
       81.2081391,
       26.8989729
      ],
      [
       81.2094536,
       26.8994228
      ],
      [
       81.2107497,
       26.8999133
      ],
      [
       81.2120258,
       26.9004437
      ],
      [
       81.2132804,
       26.9010136
      ],
      [
       81.214512,
       26.9016222
      ],
      [
       81.215719,
       26.9022687
      ],
      [
       81.2169,
       26.9029524
      ],
      [
       81.2180535,
       26.9036724
      ],
      [
       81.2191782,
       26.9044279
      ],
      [
       81.2202726,
       26.9052179
      ],
      [
       81.2213354,
       26.9060414
      ],
      [
       81.2223654,
       26.9068976
      ],
      [
       81.2233613,
       26.9077852
      ],
      [
       81.2243219,
       26.9087033
      ],
      [
       81.2252459,
       26.9096508
      ],
      [
       81.2261323,
       26.9106264
      ],
      [
       81.22698,
       26.911629
      ],
      [
       81.227788,
       26.9126573
      ],
      [
       81.2285552,
       26.9137102
      ],
      [
       81.2292808,
       26.9147863
      ],
      [
       81.2299638,
       26.9158843
      ],
      [
       81.2306035,
       26.9170029
      ],
      [
       81.231199,
       26.9181408
      ],
      [
       81.2317496,
       26.9192964
      ],
      [
       81.2322547,
       26.9204685
      ],
      [
       81.2327135,
       26.9216556
      ],
      [
       81.2331257,
       26.9228562
      ],
      [
       81.2334906,
       26.924069
      ],
      [
       81.2338078,
       26.9252923
      ],
      [
       81.2340769,
       26.9265248
      ],
      [
       81.2342977,
       26.9277649
      ],
      [
       81.2344698,
       26.9290111
      ],
      [
       81.234593,
       26.930262
      ],
      [
       81.2346671,
       26.9315158
      ],
      [
       81.2346921,
       26.9327713
      ],
      [
       81.234668,
       26.9340267
      ],
      [
       81.2345947,
       26.9352806
      ],
      [
       81.2344724,
       26.9365315
      ],
      [
       81.2343012,
       26.9377778
      ],
      [
       81.2340813,
       26.939018
      ],
      [
       81.233813,
       26.9402507
      ],
      [
       81.2334966,
       26.9414742
      ],
      [
       81.2331325,
       26.9426871
      ],
      [
       81.2327211,
       26.943888
      ],
      [
       81.2322629,
       26.9450754
      ],
      [
       81.2317585,
       26.9462477
      ],
      [
       81.2312086,
       26.9474037
      ],
      [
       81.2306136,
       26.9485418
      ],
      [
       81.2299745,
       26.9496607
      ],
      [
       81.229292,
       26.9507591
      ],
      [
       81.2285668,
       26.9518356
      ],
      [
       81.2277999,
       26.9528888
      ],
      [
       81.2269923,
       26.9539175
      ],
      [
       81.2261448,
       26.9549205
      ],
      [
       81.2252586,
       26.9558965
      ],
      [
       81.2243347,
       26.9568443
      ],
      [
       81.2233742,
       26.9577628
      ],
      [
       81.2223783,
       26.9586509
      ],
      [
       81.2213482,
       26.9595074
      ],
      [
       81.2202853,
       26.9603314
      ],
      [
       81.2191907,
       26.9611218
      ],
      [
       81.2180658,
       26.9618776
      ],
      [
       81.2169119,
       26.962598
      ],
      [
       81.2157306,
       26.9632821
      ],
      [
       81.2145231,
       26.9639289
      ],
      [
       81.2132911,
       26.9645378
      ],
      [
       81.212036,
       26.965108
      ],
      [
       81.2107593,
       26.9656389
      ],
      [
       81.2094625,
       26.9661296
      ],
      [
       81.2081474,
       26.9665797
      ],
      [
       81.2068154,
       26.9669886
      ],
      [
       81.2054681,
       26.9673559
      ],
      [
       81.2041074,
       26.9676809
      ],
      [
       81.2027347,
       26.9679635
      ],
      [
       81.2013518,
       26.9682031
      ],
      [
       81.1999603,
       26.9683996
      ],
      [
       81.198562,
       26.9685527
      ],
      [
       81.1971585,
       26.9686622
      ],
      [
       81.1957516,
       26.9687279
      ],
      [
       81.194343,
       26.9687498
      ]
     ]
    ]
   }
  },
  {
   "type": "Feature",
   "properties": {
    "record_id": "recwahgPSFevEwcU8",
    "district": "Gorakhpur",
    "camp_location": "Sangam Chouraha, Fatima Road, Gorakhpur",
    "center_lat": 26.783575,
    "center_lon": 83.401921,
    "radius_m": 4000.0,
    "radius_km": 4.0,
    "stated_distance": "2-3KM",
    "target_household": "500",
    "tentative_date": "23-Aug-26",
    "status": null,
    "geometry_type": "4km_buffer"
   },
   "geometry": {
    "type": "Polygon",
    "coordinates": [
     [
      [
       83.401921,
       26.8195478
      ],
      [
       83.4005142,
       26.8195259
      ],
      [
       83.3991092,
       26.8194602
      ],
      [
       83.3977076,
       26.8193507
      ],
      [
       83.3963111,
       26.8191976
      ],
      [
       83.3949215,
       26.8190011
      ],
      [
       83.3935404,
       26.8187615
      ],
      [
       83.3921695,
       26.8184789
      ],
      [
       83.3908105,
       26.8181539
      ],
      [
       83.3894651,
       26.8177866
      ],
      [
       83.3881349,
       26.8173777
      ],
      [
       83.3868214,
       26.8169276
      ],
      [
       83.3855264,
       26.8164369
      ],
      [
       83.3842514,
       26.8159061
      ],
      [
       83.3829979,
       26.8153359
      ],
      [
       83.3817675,
       26.8147269
      ],
      [
       83.3805616,
       26.8140801
      ],
      [
       83.3793819,
       26.813396
      ],
      [
       83.3782295,
       26.8126756
      ],
      [
       83.3771061,
       26.8119198
      ],
      [
       83.376013,
       26.8111294
      ],
      [
       83.3749514,
       26.8103055
      ],
      [
       83.3739227,
       26.8094489
      ],
      [
       83.3729281,
       26.8085609
      ],
      [
       83.3719689,
       26.8076424
      ],
      [
       83.3710462,
       26.8066945
      ],
      [
       83.3701611,
       26.8057185
      ],
      [
       83.3693148,
       26.8047156
      ],
      [
       83.3685082,
       26.8036868
      ],
      [
       83.3677423,
       26.8026336
      ],
      [
       83.3670181,
       26.8015571
      ],
      [
       83.3663365,
       26.8004588
      ],
      [
       83.3656982,
       26.7993398
      ],
      [
       83.3651041,
       26.7982017
      ],
      [
       83.3645548,
       26.7970458
      ],
      [
       83.3640511,
       26.7958734
      ],
      [
       83.3635935,
       26.7946861
      ],
      [
       83.3631826,
       26.7934852
      ],
      [
       83.362819,
       26.7922722
      ],
      [
       83.362503,
       26.7910487
      ],
      [
       83.362235,
       26.7898161
      ],
      [
       83.3620154,
       26.7885759
      ],
      [
       83.3618445,
       26.7873295
      ],
      [
       83.3617223,
       26.7860787
      ],
      [
       83.3616491,
       26.7848247
      ],
      [
       83.361625,
       26.7835693
      ],
      [
       83.36165,
       26.7823139
      ],
      [
       83.3617241,
       26.78106
      ],
      [
       83.3618471,
       26.7798092
      ],
      [
       83.362019,
       26.778563
      ],
      [
       83.3622394,
       26.7773229
      ],
      [
       83.3625082,
       26.7760904
      ],
      [
       83.362825,
       26.774867
      ],
      [
       83.3631894,
       26.7736543
      ],
      [
       83.363601,
       26.7724536
      ],
      [
       83.3640593,
       26.7712665
      ],
      [
       83.3645637,
       26.7700944
      ],
      [
       83.3651135,
       26.7689388
      ],
      [
       83.3657083,
       26.767801
      ],
      [
       83.3663471,
       26.7666823
      ],
      [
       83.3670292,
       26.7655843
      ],
      [
       83.3677538,
       26.7645082
      ],
      [
       83.36852,
       26.7634553
      ],
      [
       83.3693269,
       26.762427
      ],
      [
       83.3701735,
       26.7614244
      ],
      [
       83.3710588,
       26.7604488
      ],
      [
       83.3719816,
       26.7595013
      ],
      [
       83.3729409,
       26.7585832
      ],
      [
       83.3739354,
       26.7576956
      ],
      [
       83.3749641,
       26.7568394
      ],
      [
       83.3760255,
       26.7560159
      ],
      [
       83.3771185,
       26.7552259
      ],
      [
       83.3782417,
       26.7544704
      ],
      [
       83.3793937,
       26.7537504
      ],
      [
       83.3805731,
       26.7530667
      ],
      [
       83.3817785,
       26.7524202
      ],
      [
       83.3830085,
       26.7518116
      ],
      [
       83.3842614,
       26.7512418
      ],
      [
       83.3855359,
       26.7507113
      ],
      [
       83.3868303,
       26.7502208
      ],
      [
       83.3881431,
       26.7497709
      ],
      [
       83.3894726,
       26.7493623
      ],
      [
       83.3908173,
       26.7489953
      ],
      [
       83.3921755,
       26.7486704
      ],
      [
       83.3935456,
       26.748388
      ],
      [
       83.3949259,
       26.7481485
      ],
      [
       83.3963146,
       26.7479522
      ],
      [
       83.3977103,
       26.7477992
      ],
      [
       83.399111,
       26.7476898
      ],
      [
       83.4005151,
       26.7476241
      ],
      [
       83.401921,
       26.7476022
      ],
      [
       83.4033269,
       26.7476241
      ],
      [
       83.404731,
       26.7476898
      ],
      [
       83.4061317,
       26.7477992
      ],
      [
       83.4075274,
       26.7479522
      ],
      [
       83.4089161,
       26.7481485
      ],
      [
       83.4102964,
       26.748388
      ],
      [
       83.4116665,
       26.7486704
      ],
      [
       83.4130247,
       26.7489953
      ],
      [
       83.4143694,
       26.7493623
      ],
      [
       83.4156989,
       26.7497709
      ],
      [
       83.4170117,
       26.7502208
      ],
      [
       83.4183061,
       26.7507113
      ],
      [
       83.4195806,
       26.7512418
      ],
      [
       83.4208335,
       26.7518116
      ],
      [
       83.4220635,
       26.7524202
      ],
      [
       83.4232689,
       26.7530667
      ],
      [
       83.4244483,
       26.7537504
      ],
      [
       83.4256003,
       26.7544704
      ],
      [
       83.4267235,
       26.7552259
      ],
      [
       83.4278165,
       26.7560159
      ],
      [
       83.4288779,
       26.7568394
      ],
      [
       83.4299066,
       26.7576956
      ],
      [
       83.4309011,
       26.7585832
      ],
      [
       83.4318604,
       26.7595013
      ],
      [
       83.4327832,
       26.7604488
      ],
      [
       83.4336685,
       26.7614244
      ],
      [
       83.4345151,
       26.762427
      ],
      [
       83.435322,
       26.7634553
      ],
      [
       83.4360882,
       26.7645082
      ],
      [
       83.4368128,
       26.7655843
      ],
      [
       83.4374949,
       26.7666823
      ],
      [
       83.4381337,
       26.767801
      ],
      [
       83.4387285,
       26.7689388
      ],
      [
       83.4392783,
       26.7700944
      ],
      [
       83.4397827,
       26.7712665
      ],
      [
       83.440241,
       26.7724536
      ],
      [
       83.4406526,
       26.7736543
      ],
      [
       83.441017,
       26.774867
      ],
      [
       83.4413338,
       26.7760904
      ],
      [
       83.4416026,
       26.7773229
      ],
      [
       83.441823,
       26.778563
      ],
      [
       83.4419949,
       26.7798092
      ],
      [
       83.4421179,
       26.78106
      ],
      [
       83.442192,
       26.7823139
      ],
      [
       83.442217,
       26.7835693
      ],
      [
       83.4421929,
       26.7848247
      ],
      [
       83.4421197,
       26.7860787
      ],
      [
       83.4419975,
       26.7873295
      ],
      [
       83.4418266,
       26.7885759
      ],
      [
       83.441607,
       26.7898161
      ],
      [
       83.441339,
       26.7910487
      ],
      [
       83.441023,
       26.7922722
      ],
      [
       83.4406594,
       26.7934852
      ],
      [
       83.4402485,
       26.7946861
      ],
      [
       83.4397909,
       26.7958734
      ],
      [
       83.4392872,
       26.7970458
      ],
      [
       83.4387379,
       26.7982017
      ],
      [
       83.4381438,
       26.7993398
      ],
      [
       83.4375055,
       26.8004588
      ],
      [
       83.4368239,
       26.8015571
      ],
      [
       83.4360997,
       26.8026336
      ],
      [
       83.4353338,
       26.8036868
      ],
      [
       83.4345272,
       26.8047156
      ],
      [
       83.4336809,
       26.8057185
      ],
      [
       83.4327958,
       26.8066945
      ],
      [
       83.4318731,
       26.8076424
      ],
      [
       83.4309139,
       26.8085609
      ],
      [
       83.4299193,
       26.8094489
      ],
      [
       83.4288906,
       26.8103055
      ],
      [
       83.427829,
       26.8111294
      ],
      [
       83.4267359,
       26.8119198
      ],
      [
       83.4256125,
       26.8126756
      ],
      [
       83.4244601,
       26.813396
      ],
      [
       83.4232804,
       26.8140801
      ],
      [
       83.4220745,
       26.8147269
      ],
      [
       83.4208441,
       26.8153359
      ],
      [
       83.4195906,
       26.8159061
      ],
      [
       83.4183156,
       26.8164369
      ],
      [
       83.4170206,
       26.8169276
      ],
      [
       83.4157071,
       26.8173777
      ],
      [
       83.4143769,
       26.8177866
      ],
      [
       83.4130315,
       26.8181539
      ],
      [
       83.4116725,
       26.8184789
      ],
      [
       83.4103016,
       26.8187615
      ],
      [
       83.4089205,
       26.8190011
      ],
      [
       83.4075309,
       26.8191976
      ],
      [
       83.4061344,
       26.8193507
      ],
      [
       83.4047328,
       26.8194602
      ],
      [
       83.4033278,
       26.8195259
      ],
      [
       83.401921,
       26.8195478
      ]
     ]
    ]
   }
  },
  {
   "type": "Feature",
   "properties": {
    "record_id": "recP62VOTp9bqCQjI",
    "district": "Jaunpur",
    "camp_location": "Ramleela Maidan,Mohlla Gudayi, Mungra Badshahpur,Jaunpur",
    "center_lat": 25.658223,
    "center_lon": 82.191901,
    "radius_m": 4000.0,
    "radius_km": 4.0,
    "stated_distance": "2-3KM",
    "target_household": "500",
    "tentative_date": "22-Aug-26",
    "status": null,
    "geometry_type": "4km_buffer"
   },
   "geometry": {
    "type": "Polygon",
    "coordinates": [
     [
      [
       82.191901,
       25.6941958
      ],
      [
       82.1905078,
       25.6941739
      ],
      [
       82.1891163,
       25.6941082
      ],
      [
       82.1877282,
       25.6939987
      ],
      [
       82.1863452,
       25.6938456
      ],
      [
       82.184969,
       25.6936491
      ],
      [
       82.1836012,
       25.6934095
      ],
      [
       82.1822435,
       25.693127
      ],
      [
       82.1808977,
       25.6928019
      ],
      [
       82.1795652,
       25.6924347
      ],
      [
       82.1782478,
       25.6920258
      ],
      [
       82.176947,
       25.6915757
      ],
      [
       82.1756645,
       25.6910849
      ],
      [
       82.1744017,
       25.6905541
      ],
      [
       82.1731603,
       25.6899839
      ],
      [
       82.1719418,
       25.689375
      ],
      [
       82.1707476,
       25.6887282
      ],
      [
       82.1695791,
       25.6880441
      ],
      [
       82.1684379,
       25.6873237
      ],
      [
       82.1673253,
       25.6865679
      ],
      [
       82.1662427,
       25.6857775
      ],
      [
       82.1651913,
       25.6849536
      ],
      [
       82.1641725,
       25.6840971
      ],
      [
       82.1631876,
       25.683209
      ],
      [
       82.1622376,
       25.6822905
      ],
      [
       82.1613237,
       25.6813427
      ],
      [
       82.1604472,
       25.6803667
      ],
      [
       82.159609,
       25.6793637
      ],
      [
       82.1588102,
       25.678335
      ],
      [
       82.1580517,
       25.6772818
      ],
      [
       82.1573344,
       25.6762053
      ],
      [
       82.1566593,
       25.675107
      ],
      [
       82.1560272,
       25.6739881
      ],
      [
       82.1554387,
       25.6728499
      ],
      [
       82.1548947,
       25.671694
      ],
      [
       82.1543959,
       25.6705216
      ],
      [
       82.1539427,
       25.6693343
      ],
      [
       82.1535358,
       25.6681334
      ],
      [
       82.1531756,
       25.6669205
      ],
      [
       82.1528626,
       25.665697
      ],
      [
       82.1525972,
       25.6644644
      ],
      [
       82.1523797,
       25.6632241
      ],
      [
       82.1522103,
       25.6619778
      ],
      [
       82.1520894,
       25.6607269
      ],
      [
       82.1520169,
       25.659473
      ],
      [
       82.151993,
       25.6582176
      ],
      [
       82.1520177,
       25.6569621
      ],
      [
       82.152091,
       25.6557083
      ],
      [
       82.1522128,
       25.6544575
      ],
      [
       82.152383,
       25.6532112
      ],
      [
       82.1526013,
       25.6519711
      ],
      [
       82.1528675,
       25.6507386
      ],
      [
       82.1531812,
       25.6495153
      ],
      [
       82.1535421,
       25.6483025
      ],
      [
       82.1539497,
       25.6471019
      ],
      [
       82.1544036,
       25.6459148
      ],
      [
       82.1549031,
       25.6447427
      ],
      [
       82.1554477,
       25.643587
      ],
      [
       82.1560366,
       25.6424492
      ],
      [
       82.1566693,
       25.6413306
      ],
      [
       82.1573448,
       25.6402325
      ],
      [
       82.1580625,
       25.6391564
      ],
      [
       82.1588213,
       25.6381035
      ],
      [
       82.1596205,
       25.6370752
      ],
      [
       82.1604589,
       25.6360726
      ],
      [
       82.1613356,
       25.6350969
      ],
      [
       82.1622495,
       25.6341495
      ],
      [
       82.1631996,
       25.6332314
      ],
      [
       82.1641846,
       25.6323437
      ],
      [
       82.1652033,
       25.6314876
      ],
      [
       82.1662545,
       25.630664
      ],
      [
       82.167337,
       25.629874
      ],
      [
       82.1684494,
       25.6291185
      ],
      [
       82.1695903,
       25.6283985
      ],
      [
       82.1707584,
       25.6277148
      ],
      [
       82.1719522,
       25.6270683
      ],
      [
       82.1731703,
       25.6264597
      ],
      [
       82.1744112,
       25.6258898
      ],
      [
       82.1756734,
       25.6253593
      ],
      [
       82.1769554,
       25.6248688
      ],
      [
       82.1782555,
       25.624419
      ],
      [
       82.1795723,
       25.6240103
      ],
      [
       82.180904,
       25.6236433
      ],
      [
       82.1822492,
       25.6233184
      ],
      [
       82.1836061,
       25.623036
      ],
      [
       82.1849731,
       25.6227965
      ],
      [
       82.1863485,
       25.6226002
      ],
      [
       82.1877307,
       25.6224472
      ],
      [
       82.189118,
       25.6223378
      ],
      [
       82.1905086,
       25.6222721
      ],
      [
       82.191901,
       25.6222502
      ],
      [
       82.1932934,
       25.6222721
      ],
      [
       82.194684,
       25.6223378
      ],
      [
       82.1960713,
       25.6224472
      ],
      [
       82.1974535,
       25.6226002
      ],
      [
       82.1988289,
       25.6227965
      ],
      [
       82.2001959,
       25.623036
      ],
      [
       82.2015528,
       25.6233184
      ],
      [
       82.202898,
       25.6236433
      ],
      [
       82.2042297,
       25.6240103
      ],
      [
       82.2055465,
       25.624419
      ],
      [
       82.2068466,
       25.6248688
      ],
      [
       82.2081286,
       25.6253593
      ],
      [
       82.2093908,
       25.6258898
      ],
      [
       82.2106317,
       25.6264597
      ],
      [
       82.2118498,
       25.6270683
      ],
      [
       82.2130436,
       25.6277148
      ],
      [
       82.2142117,
       25.6283985
      ],
      [
       82.2153526,
       25.6291185
      ],
      [
       82.216465,
       25.629874
      ],
      [
       82.2175475,
       25.630664
      ],
      [
       82.2185987,
       25.6314876
      ],
      [
       82.2196174,
       25.6323437
      ],
      [
       82.2206024,
       25.6332314
      ],
      [
       82.2215525,
       25.6341495
      ],
      [
       82.2224664,
       25.6350969
      ],
      [
       82.2233431,
       25.6360726
      ],
      [
       82.2241815,
       25.6370752
      ],
      [
       82.2249807,
       25.6381035
      ],
      [
       82.2257395,
       25.6391564
      ],
      [
       82.2264572,
       25.6402325
      ],
      [
       82.2271327,
       25.6413306
      ],
      [
       82.2277654,
       25.6424492
      ],
      [
       82.2283543,
       25.643587
      ],
      [
       82.2288989,
       25.6447427
      ],
      [
       82.2293984,
       25.6459148
      ],
      [
       82.2298523,
       25.6471019
      ],
      [
       82.2302599,
       25.6483025
      ],
      [
       82.2306208,
       25.6495153
      ],
      [
       82.2309345,
       25.6507386
      ],
      [
       82.2312007,
       25.6519711
      ],
      [
       82.231419,
       25.6532112
      ],
      [
       82.2315892,
       25.6544575
      ],
      [
       82.231711,
       25.6557083
      ],
      [
       82.2317843,
       25.6569621
      ],
      [
       82.231809,
       25.6582176
      ],
      [
       82.2317851,
       25.659473
      ],
      [
       82.2317126,
       25.6607269
      ],
      [
       82.2315917,
       25.6619778
      ],
      [
       82.2314223,
       25.6632241
      ],
      [
       82.2312048,
       25.6644644
      ],
      [
       82.2309394,
       25.665697
      ],
      [
       82.2306264,
       25.6669205
      ],
      [
       82.2302662,
       25.6681334
      ],
      [
       82.2298593,
       25.6693343
      ],
      [
       82.2294061,
       25.6705216
      ],
      [
       82.2289073,
       25.671694
      ],
      [
       82.2283633,
       25.6728499
      ],
      [
       82.2277748,
       25.6739881
      ],
      [
       82.2271427,
       25.675107
      ],
      [
       82.2264676,
       25.6762053
      ],
      [
       82.2257503,
       25.6772818
      ],
      [
       82.2249918,
       25.678335
      ],
      [
       82.224193,
       25.6793637
      ],
      [
       82.2233548,
       25.6803667
      ],
      [
       82.2224783,
       25.6813427
      ],
      [
       82.2215644,
       25.6822905
      ],
      [
       82.2206144,
       25.683209
      ],
      [
       82.2196295,
       25.6840971
      ],
      [
       82.2186107,
       25.6849536
      ],
      [
       82.2175593,
       25.6857775
      ],
      [
       82.2164767,
       25.6865679
      ],
      [
       82.2153641,
       25.6873237
      ],
      [
       82.2142229,
       25.6880441
      ],
      [
       82.2130544,
       25.6887282
      ],
      [
       82.2118602,
       25.689375
      ],
      [
       82.2106417,
       25.6899839
      ],
      [
       82.2094003,
       25.6905541
      ],
      [
       82.2081375,
       25.6910849
      ],
      [
       82.206855,
       25.6915757
      ],
      [
       82.2055542,
       25.6920258
      ],
      [
       82.2042368,
       25.6924347
      ],
      [
       82.2029043,
       25.6928019
      ],
      [
       82.2015585,
       25.693127
      ],
      [
       82.2002008,
       25.6934095
      ],
      [
       82.198833,
       25.6936491
      ],
      [
       82.1974568,
       25.6938456
      ],
      [
       82.1960738,
       25.6939987
      ],
      [
       82.1946857,
       25.6941082
      ],
      [
       82.1932942,
       25.6941739
      ],
      [
       82.191901,
       25.6941958
      ]
     ]
    ]
   }
  },
  {
   "type": "Feature",
   "properties": {
    "record_id": "rec07eFOSeCjHdFiB",
    "district": "Kanpur",
    "camp_location": "Rang Factory Chouraha, Yashoda Nagar, Kanpur",
    "center_lat": 26.393378,
    "center_lon": 80.343299,
    "radius_m": 4000.0,
    "radius_km": 4.0,
    "stated_distance": "2-3KM",
    "target_household": "500",
    "tentative_date": "22-Aug-26",
    "status": null,
    "geometry_type": "4km_buffer"
   },
   "geometry": {
    "type": "Polygon",
    "coordinates": [
     [
      [
       80.343299,
       26.4293508
      ],
      [
       80.341897,
       26.4293289
      ],
      [
       80.3404968,
       26.4292632
      ],
      [
       80.3391,
       26.4291537
      ],
      [
       80.3377082,
       26.4290006
      ],
      [
       80.3363233,
       26.4288041
      ],
      [
       80.334947,
       26.4285645
      ],
      [
       80.3335808,
       26.4282819
      ],
      [
       80.3322264,
       26.4279569
      ],
      [
       80.3308856,
       26.4275896
      ],
      [
       80.3295598,
       26.4271807
      ],
      [
       80.3282509,
       26.4267306
      ],
      [
       80.3269603,
       26.4262399
      ],
      [
       80.3256896,
       26.4257091
      ],
      [
       80.3244404,
       26.4251389
      ],
      [
       80.3232142,
       26.42453
      ],
      [
       80.3220124,
       26.4238831
      ],
      [
       80.3208367,
       26.4231991
      ],
      [
       80.3196883,
       26.4224787
      ],
      [
       80.3185687,
       26.4217228
      ],
      [
       80.3174792,
       26.4209325
      ],
      [
       80.3164213,
       26.4201085
      ],
      [
       80.3153961,
       26.419252
      ],
      [
       80.3144049,
       26.4183639
      ],
      [
       80.3134489,
       26.4174454
      ],
      [
       80.3125294,
       26.4164976
      ],
      [
       80.3116473,
       26.4155216
      ],
      [
       80.3108039,
       26.4145186
      ],
      [
       80.31,
       26.4134899
      ],
      [
       80.3092367,
       26.4124367
      ],
      [
       80.308515,
       26.4113602
      ],
      [
       80.3078357,
       26.4102618
      ],
      [
       80.3071995,
       26.4091429
      ],
      [
       80.3066074,
       26.4080048
      ],
      [
       80.30606,
       26.4068488
      ],
      [
       80.305558,
       26.4056765
      ],
      [
       80.305102,
       26.4044891
      ],
      [
       80.3046925,
       26.4032883
      ],
      [
       80.3043301,
       26.4020753
      ],
      [
       80.3040152,
       26.4008518
      ],
      [
       80.3037481,
       26.3996192
      ],
      [
       80.3035293,
       26.398379
      ],
      [
       80.3033588,
       26.3971326
      ],
      [
       80.3032371,
       26.3958818
      ],
      [
       80.3031642,
       26.3946278
      ],
      [
       80.3031402,
       26.3933724
      ],
      [
       80.3031651,
       26.392117
      ],
      [
       80.3032389,
       26.3908631
      ],
      [
       80.3033614,
       26.3896123
      ],
      [
       80.3035327,
       26.3883661
      ],
      [
       80.3037524,
       26.387126
      ],
      [
       80.3040203,
       26.3858935
      ],
      [
       80.304336,
       26.3846701
      ],
      [
       80.3046992,
       26.3834574
      ],
      [
       80.3051093,
       26.3822567
      ],
      [
       80.305566,
       26.3810696
      ],
      [
       80.3060687,
       26.3798975
      ],
      [
       80.3066167,
       26.3787419
      ],
      [
       80.3072094,
       26.377604
      ],
      [
       80.307846,
       26.3764854
      ],
      [
       80.3085258,
       26.3753874
      ],
      [
       80.309248,
       26.3743113
      ],
      [
       80.3100116,
       26.3732584
      ],
      [
       80.3108158,
       26.37223
      ],
      [
       80.3116595,
       26.3712274
      ],
      [
       80.3125417,
       26.3702518
      ],
      [
       80.3134614,
       26.3693044
      ],
      [
       80.3144174,
       26.3683863
      ],
      [
       80.3154086,
       26.3674986
      ],
      [
       80.3164337,
       26.3666425
      ],
      [
       80.3174915,
       26.3658189
      ],
      [
       80.3185808,
       26.3650289
      ],
      [
       80.3197002,
       26.3642734
      ],
      [
       80.3208483,
       26.3635534
      ],
      [
       80.3220237,
       26.3628698
      ],
      [
       80.323225,
       26.3622232
      ],
      [
       80.3244507,
       26.3616147
      ],
      [
       80.3256994,
       26.3610448
      ],
      [
       80.3269696,
       26.3605143
      ],
      [
       80.3282596,
       26.3600238
      ],
      [
       80.3295679,
       26.359574
      ],
      [
       80.3308929,
       26.3591653
      ],
      [
       80.332233,
       26.3587983
      ],
      [
       80.3335866,
       26.3584734
      ],
      [
       80.334952,
       26.358191
      ],
      [
       80.3363276,
       26.3579515
      ],
      [
       80.3377117,
       26.3577552
      ],
      [
       80.3391026,
       26.3576022
      ],
      [
       80.3404985,
       26.3574928
      ],
      [
       80.3418979,
       26.3574271
      ],
      [
       80.343299,
       26.3574052
      ],
      [
       80.3447001,
       26.3574271
      ],
      [
       80.3460995,
       26.3574928
      ],
      [
       80.3474954,
       26.3576022
      ],
      [
       80.3488863,
       26.3577552
      ],
      [
       80.3502704,
       26.3579515
      ],
      [
       80.351646,
       26.358191
      ],
      [
       80.3530114,
       26.3584734
      ],
      [
       80.354365,
       26.3587983
      ],
      [
       80.3557051,
       26.3591653
      ],
      [
       80.3570301,
       26.359574
      ],
      [
       80.3583384,
       26.3600238
      ],
      [
       80.3596284,
       26.3605143
      ],
      [
       80.3608986,
       26.3610448
      ],
      [
       80.3621473,
       26.3616147
      ],
      [
       80.363373,
       26.3622232
      ],
      [
       80.3645743,
       26.3628698
      ],
      [
       80.3657497,
       26.3635534
      ],
      [
       80.3668978,
       26.3642734
      ],
      [
       80.3680172,
       26.3650289
      ],
      [
       80.3691065,
       26.3658189
      ],
      [
       80.3701643,
       26.3666425
      ],
      [
       80.3711894,
       26.3674986
      ],
      [
       80.3721806,
       26.3683863
      ],
      [
       80.3731366,
       26.3693044
      ],
      [
       80.3740563,
       26.3702518
      ],
      [
       80.3749385,
       26.3712274
      ],
      [
       80.3757822,
       26.37223
      ],
      [
       80.3765864,
       26.3732584
      ],
      [
       80.37735,
       26.3743113
      ],
      [
       80.3780722,
       26.3753874
      ],
      [
       80.378752,
       26.3764854
      ],
      [
       80.3793886,
       26.377604
      ],
      [
       80.3799813,
       26.3787419
      ],
      [
       80.3805293,
       26.3798975
      ],
      [
       80.381032,
       26.3810696
      ],
      [
       80.3814887,
       26.3822567
      ],
      [
       80.3818988,
       26.3834574
      ],
      [
       80.382262,
       26.3846701
      ],
      [
       80.3825777,
       26.3858935
      ],
      [
       80.3828456,
       26.387126
      ],
      [
       80.3830653,
       26.3883661
      ],
      [
       80.3832366,
       26.3896123
      ],
      [
       80.3833591,
       26.3908631
      ],
      [
       80.3834329,
       26.392117
      ],
      [
       80.3834578,
       26.3933724
      ],
      [
       80.3834338,
       26.3946278
      ],
      [
       80.3833609,
       26.3958818
      ],
      [
       80.3832392,
       26.3971326
      ],
      [
       80.3830687,
       26.398379
      ],
      [
       80.3828499,
       26.3996192
      ],
      [
       80.3825828,
       26.4008518
      ],
      [
       80.3822679,
       26.4020753
      ],
      [
       80.3819055,
       26.4032883
      ],
      [
       80.381496,
       26.4044891
      ],
      [
       80.38104,
       26.4056765
      ],
      [
       80.380538,
       26.4068488
      ],
      [
       80.3799906,
       26.4080048
      ],
      [
       80.3793985,
       26.4091429
      ],
      [
       80.3787623,
       26.4102618
      ],
      [
       80.378083,
       26.4113602
      ],
      [
       80.3773613,
       26.4124367
      ],
      [
       80.376598,
       26.4134899
      ],
      [
       80.3757941,
       26.4145186
      ],
      [
       80.3749507,
       26.4155216
      ],
      [
       80.3740686,
       26.4164976
      ],
      [
       80.3731491,
       26.4174454
      ],
      [
       80.3721931,
       26.4183639
      ],
      [
       80.3712019,
       26.419252
      ],
      [
       80.3701767,
       26.4201085
      ],
      [
       80.3691188,
       26.4209325
      ],
      [
       80.3680293,
       26.4217228
      ],
      [
       80.3669097,
       26.4224787
      ],
      [
       80.3657613,
       26.4231991
      ],
      [
       80.3645856,
       26.4238831
      ],
      [
       80.3633838,
       26.42453
      ],
      [
       80.3621576,
       26.4251389
      ],
      [
       80.3609084,
       26.4257091
      ],
      [
       80.3596377,
       26.4262399
      ],
      [
       80.3583471,
       26.4267306
      ],
      [
       80.3570382,
       26.4271807
      ],
      [
       80.3557124,
       26.4275896
      ],
      [
       80.3543716,
       26.4279569
      ],
      [
       80.3530172,
       26.4282819
      ],
      [
       80.351651,
       26.4285645
      ],
      [
       80.3502747,
       26.4288041
      ],
      [
       80.3488898,
       26.4290006
      ],
      [
       80.347498,
       26.4291537
      ],
      [
       80.3461012,
       26.4292632
      ],
      [
       80.344701,
       26.4293289
      ],
      [
       80.343299,
       26.4293508
      ]
     ]
    ]
   }
  },
  {
   "type": "Feature",
   "properties": {
    "record_id": "recvZFMrc5Qdt3qJg",
    "district": "Lucknow",
    "camp_location": "Naresh PCO Chouraha, Nishatganj Brij,New Hedrabad, Lucknow",
    "center_lat": 26.87049,
    "center_lon": 80.957027,
    "radius_m": 4000.0,
    "radius_km": 4.0,
    "stated_distance": "2-3KM",
    "target_household": "500",
    "tentative_date": "21-Aug-26",
    "status": null,
    "geometry_type": "4km_buffer"
   },
   "geometry": {
    "type": "Polygon",
    "coordinates": [
     [
      [
       80.957027,
       26.9064628
      ],
      [
       80.9556192,
       26.9064409
      ],
      [
       80.954213,
       26.9063752
      ],
      [
       80.9528104,
       26.9062657
      ],
      [
       80.9514128,
       26.9061126
      ],
      [
       80.9500221,
       26.9059161
      ],
      [
       80.94864,
       26.9056765
      ],
      [
       80.947268,
       26.9053939
      ],
      [
       80.945908,
       26.9050689
      ],
      [
       80.9445615,
       26.9047016
      ],
      [
       80.9432303,
       26.9042927
      ],
      [
       80.9419158,
       26.9038426
      ],
      [
       80.9406198,
       26.9033519
      ],
      [
       80.9393438,
       26.9028211
      ],
      [
       80.9380894,
       26.9022508
      ],
      [
       80.936858,
       26.9016419
      ],
      [
       80.9356512,
       26.9009951
      ],
      [
       80.9344705,
       26.900311
      ],
      [
       80.9333173,
       26.8995906
      ],
      [
       80.9321931,
       26.8988348
      ],
      [
       80.9310991,
       26.8980444
      ],
      [
       80.9300367,
       26.8972204
      ],
      [
       80.9290072,
       26.8963639
      ],
      [
       80.9280118,
       26.8954759
      ],
      [
       80.9270519,
       26.8945573
      ],
      [
       80.9261285,
       26.8936095
      ],
      [
       80.9252427,
       26.8926335
      ],
      [
       80.9243958,
       26.8916305
      ],
      [
       80.9235885,
       26.8906018
      ],
      [
       80.9228221,
       26.8895486
      ],
      [
       80.9220973,
       26.8884721
      ],
      [
       80.9214151,
       26.8873738
      ],
      [
       80.9207764,
       26.8862548
      ],
      [
       80.9201818,
       26.8851167
      ],
      [
       80.9196321,
       26.8839607
      ],
      [
       80.919128,
       26.8827884
      ],
      [
       80.9186701,
       26.881601
      ],
      [
       80.9182589,
       26.8804002
      ],
      [
       80.917895,
       26.8791872
      ],
      [
       80.9175787,
       26.8779637
      ],
      [
       80.9173106,
       26.8767311
      ],
      [
       80.9170908,
       26.8754908
      ],
      [
       80.9169197,
       26.8742445
      ],
      [
       80.9167975,
       26.8729936
      ],
      [
       80.9167242,
       26.8717397
      ],
      [
       80.9167001,
       26.8704843
      ],
      [
       80.9167251,
       26.8692289
      ],
      [
       80.9167992,
       26.867975
      ],
      [
       80.9169224,
       26.8667242
      ],
      [
       80.9170943,
       26.8654779
      ],
      [
       80.917315,
       26.8642378
      ],
      [
       80.917584,
       26.8630054
      ],
      [
       80.917901,
       26.861782
      ],
      [
       80.9182657,
       26.8605693
      ],
      [
       80.9186776,
       26.8593686
      ],
      [
       80.9191362,
       26.8581815
      ],
      [
       80.919641,
       26.8570094
      ],
      [
       80.9201913,
       26.8558538
      ],
      [
       80.9207865,
       26.8547159
      ],
      [
       80.9214258,
       26.8535973
      ],
      [
       80.9221084,
       26.8524993
      ],
      [
       80.9228336,
       26.8514232
      ],
      [
       80.9236004,
       26.8503703
      ],
      [
       80.924408,
       26.849342
      ],
      [
       80.9252552,
       26.8483394
      ],
      [
       80.9261411,
       26.8473638
      ],
      [
       80.9270647,
       26.8464163
      ],
      [
       80.9280247,
       26.8454982
      ],
      [
       80.92902,
       26.8446106
      ],
      [
       80.9300494,
       26.8437544
      ],
      [
       80.9311117,
       26.8429309
      ],
      [
       80.9322055,
       26.8421409
      ],
      [
       80.9333295,
       26.8413854
      ],
      [
       80.9344824,
       26.8406654
      ],
      [
       80.9356628,
       26.8399817
      ],
      [
       80.9368691,
       26.8393352
      ],
      [
       80.9381,
       26.8387266
      ],
      [
       80.9393539,
       26.8381567
      ],
      [
       80.9406293,
       26.8376263
      ],
      [
       80.9419247,
       26.8371358
      ],
      [
       80.9432385,
       26.8366859
      ],
      [
       80.9445691,
       26.8362773
      ],
      [
       80.9459148,
       26.8359103
      ],
      [
       80.9472741,
       26.8355854
      ],
      [
       80.9486452,
       26.835303
      ],
      [
       80.9500265,
       26.8350635
      ],
      [
       80.9514163,
       26.8348672
      ],
      [
       80.952813,
       26.8347142
      ],
      [
       80.9542148,
       26.8346048
      ],
      [
       80.9556201,
       26.8345391
      ],
      [
       80.957027,
       26.8345172
      ],
      [
       80.9584339,
       26.8345391
      ],
      [
       80.9598392,
       26.8346048
      ],
      [
       80.961241,
       26.8347142
      ],
      [
       80.9626377,
       26.8348672
      ],
      [
       80.9640275,
       26.8350635
      ],
      [
       80.9654088,
       26.835303
      ],
      [
       80.9667799,
       26.8355854
      ],
      [
       80.9681392,
       26.8359103
      ],
      [
       80.9694849,
       26.8362773
      ],
      [
       80.9708155,
       26.8366859
      ],
      [
       80.9721293,
       26.8371358
      ],
      [
       80.9734247,
       26.8376263
      ],
      [
       80.9747001,
       26.8381567
      ],
      [
       80.975954,
       26.8387266
      ],
      [
       80.9771849,
       26.8393352
      ],
      [
       80.9783912,
       26.8399817
      ],
      [
       80.9795716,
       26.8406654
      ],
      [
       80.9807245,
       26.8413854
      ],
      [
       80.9818485,
       26.8421409
      ],
      [
       80.9829423,
       26.8429309
      ],
      [
       80.9840046,
       26.8437544
      ],
      [
       80.985034,
       26.8446106
      ],
      [
       80.9860293,
       26.8454982
      ],
      [
       80.9869893,
       26.8464163
      ],
      [
       80.9879129,
       26.8473638
      ],
      [
       80.9887988,
       26.8483394
      ],
      [
       80.989646,
       26.849342
      ],
      [
       80.9904536,
       26.8503703
      ],
      [
       80.9912204,
       26.8514232
      ],
      [
       80.9919456,
       26.8524993
      ],
      [
       80.9926282,
       26.8535973
      ],
      [
       80.9932675,
       26.8547159
      ],
      [
       80.9938627,
       26.8558538
      ],
      [
       80.994413,
       26.8570094
      ],
      [
       80.9949178,
       26.8581815
      ],
      [
       80.9953764,
       26.8593686
      ],
      [
       80.9957883,
       26.8605693
      ],
      [
       80.996153,
       26.861782
      ],
      [
       80.99647,
       26.8630054
      ],
      [
       80.996739,
       26.8642378
      ],
      [
       80.9969597,
       26.8654779
      ],
      [
       80.9971316,
       26.8667242
      ],
      [
       80.9972548,
       26.867975
      ],
      [
       80.9973289,
       26.8692289
      ],
      [
       80.9973539,
       26.8704843
      ],
      [
       80.9973298,
       26.8717397
      ],
      [
       80.9972565,
       26.8729936
      ],
      [
       80.9971343,
       26.8742445
      ],
      [
       80.9969632,
       26.8754908
      ],
      [
       80.9967434,
       26.8767311
      ],
      [
       80.9964753,
       26.8779637
      ],
      [
       80.996159,
       26.8791872
      ],
      [
       80.9957951,
       26.8804002
      ],
      [
       80.9953839,
       26.881601
      ],
      [
       80.994926,
       26.8827884
      ],
      [
       80.9944219,
       26.8839607
      ],
      [
       80.9938722,
       26.8851167
      ],
      [
       80.9932776,
       26.8862548
      ],
      [
       80.9926389,
       26.8873738
      ],
      [
       80.9919567,
       26.8884721
      ],
      [
       80.9912319,
       26.8895486
      ],
      [
       80.9904655,
       26.8906018
      ],
      [
       80.9896582,
       26.8916305
      ],
      [
       80.9888113,
       26.8926335
      ],
      [
       80.9879255,
       26.8936095
      ],
      [
       80.9870021,
       26.8945573
      ],
      [
       80.9860422,
       26.8954759
      ],
      [
       80.9850468,
       26.8963639
      ],
      [
       80.9840173,
       26.8972204
      ],
      [
       80.9829549,
       26.8980444
      ],
      [
       80.9818609,
       26.8988348
      ],
      [
       80.9807367,
       26.8995906
      ],
      [
       80.9795835,
       26.900311
      ],
      [
       80.9784028,
       26.9009951
      ],
      [
       80.977196,
       26.9016419
      ],
      [
       80.9759646,
       26.9022508
      ],
      [
       80.9747102,
       26.9028211
      ],
      [
       80.9734342,
       26.9033519
      ],
      [
       80.9721382,
       26.9038426
      ],
      [
       80.9708237,
       26.9042927
      ],
      [
       80.9694925,
       26.9047016
      ],
      [
       80.968146,
       26.9050689
      ],
      [
       80.966786,
       26.9053939
      ],
      [
       80.965414,
       26.9056765
      ],
      [
       80.9640319,
       26.9059161
      ],
      [
       80.9626412,
       26.9061126
      ],
      [
       80.9612436,
       26.9062657
      ],
      [
       80.959841,
       26.9063752
      ],
      [
       80.9584348,
       26.9064409
      ],
      [
       80.957027,
       26.9064628
      ]
     ]
    ]
   }
  },
  {
   "type": "Feature",
   "properties": {
    "record_id": "recRxJnyd7p53Sbug",
    "district": "Muzaffarnagar",
    "camp_location": "Pachenda Road,Upadhyay Dharamshala, Ward -22,Muzaffarnagar",
    "center_lat": 29.479323,
    "center_lon": 77.729915,
    "radius_m": 4000.0,
    "radius_km": 4.0,
    "stated_distance": "2-3KM",
    "target_household": "500",
    "tentative_date": "24-Aug-26",
    "status": null,
    "geometry_type": "4km_buffer"
   },
   "geometry": {
    "type": "Polygon",
    "coordinates": [
     [
      [
       77.729915,
       29.5152958
      ],
      [
       77.7284723,
       29.5152739
      ],
      [
       77.7270315,
       29.5152082
      ],
      [
       77.7255941,
       29.5150987
      ],
      [
       77.724162,
       29.5149456
      ],
      [
       77.7227369,
       29.5147491
      ],
      [
       77.7213205,
       29.5145094
      ],
      [
       77.7199147,
       29.5142269
      ],
      [
       77.718521,
       29.5139018
      ],
      [
       77.7171413,
       29.5135346
      ],
      [
       77.7157771,
       29.5131256
      ],
      [
       77.7144301,
       29.5126755
      ],
      [
       77.7131021,
       29.5121847
      ],
      [
       77.7117945,
       29.5116539
      ],
      [
       77.7105091,
       29.5110837
      ],
      [
       77.7092473,
       29.5104748
      ],
      [
       77.7080107,
       29.5098279
      ],
      [
       77.7068008,
       29.5091438
      ],
      [
       77.7056191,
       29.5084234
      ],
      [
       77.7044671,
       29.5076675
      ],
      [
       77.703346,
       29.5068771
      ],
      [
       77.7022574,
       29.5060532
      ],
      [
       77.7012025,
       29.5051966
      ],
      [
       77.7001826,
       29.5043085
      ],
      [
       77.6991989,
       29.50339
      ],
      [
       77.6982527,
       29.5024421
      ],
      [
       77.6973451,
       29.5014661
      ],
      [
       77.6964772,
       29.5004631
      ],
      [
       77.6956501,
       29.4994344
      ],
      [
       77.6948647,
       29.4983811
      ],
      [
       77.6941221,
       29.4973046
      ],
      [
       77.6934231,
       29.4962062
      ],
      [
       77.6927686,
       29.4950873
      ],
      [
       77.6921594,
       29.4939491
      ],
      [
       77.6915961,
       29.4927932
      ],
      [
       77.6910796,
       29.4916208
      ],
      [
       77.6906104,
       29.4904334
      ],
      [
       77.6901892,
       29.4892326
      ],
      [
       77.6898163,
       29.4880196
      ],
      [
       77.6894923,
       29.4867961
      ],
      [
       77.6892175,
       29.4855634
      ],
      [
       77.6889924,
       29.4843232
      ],
      [
       77.6888171,
       29.4830769
      ],
      [
       77.6886919,
       29.481826
      ],
      [
       77.6886169,
       29.4805721
      ],
      [
       77.6885923,
       29.4793166
      ],
      [
       77.688618,
       29.4780612
      ],
      [
       77.688694,
       29.4768073
      ],
      [
       77.6888202,
       29.4755565
      ],
      [
       77.6889964,
       29.4743103
      ],
      [
       77.6892226,
       29.4730702
      ],
      [
       77.6894983,
       29.4718377
      ],
      [
       77.6898232,
       29.4706144
      ],
      [
       77.6901969,
       29.4694017
      ],
      [
       77.6906191,
       29.468201
      ],
      [
       77.691089,
       29.4670139
      ],
      [
       77.6916063,
       29.4658419
      ],
      [
       77.6921703,
       29.4646862
      ],
      [
       77.6927802,
       29.4635484
      ],
      [
       77.6934353,
       29.4624298
      ],
      [
       77.6941348,
       29.4613318
      ],
      [
       77.6948779,
       29.4602557
      ],
      [
       77.6956637,
       29.4592029
      ],
      [
       77.6964912,
       29.4581745
      ],
      [
       77.6973594,
       29.457172
      ],
      [
       77.6982672,
       29.4561964
      ],
      [
       77.6992135,
       29.455249
      ],
      [
       77.7001972,
       29.4543309
      ],
      [
       77.7012171,
       29.4534432
      ],
      [
       77.702272,
       29.4525871
      ],
      [
       77.7033605,
       29.4517636
      ],
      [
       77.7044813,
       29.4509736
      ],
      [
       77.7056331,
       29.4502182
      ],
      [
       77.7068144,
       29.4494982
      ],
      [
       77.7080239,
       29.4488145
      ],
      [
       77.70926,
       29.448168
      ],
      [
       77.7105212,
       29.4475595
      ],
      [
       77.7118061,
       29.4469896
      ],
      [
       77.713113,
       29.4464591
      ],
      [
       77.7144403,
       29.4459687
      ],
      [
       77.7157865,
       29.4455189
      ],
      [
       77.7171499,
       29.4451102
      ],
      [
       77.7185288,
       29.4447432
      ],
      [
       77.7199216,
       29.4444184
      ],
      [
       77.7213265,
       29.444136
      ],
      [
       77.7227419,
       29.4438965
      ],
      [
       77.724166,
       29.4437001
      ],
      [
       77.7255971,
       29.4435472
      ],
      [
       77.7270335,
       29.4434378
      ],
      [
       77.7284734,
       29.4433721
      ],
      [
       77.729915,
       29.4433502
      ],
      [
       77.7313566,
       29.4433721
      ],
      [
       77.7327965,
       29.4434378
      ],
      [
       77.7342329,
       29.4435472
      ],
      [
       77.735664,
       29.4437001
      ],
      [
       77.7370881,
       29.4438965
      ],
      [
       77.7385035,
       29.444136
      ],
      [
       77.7399084,
       29.4444184
      ],
      [
       77.7413012,
       29.4447432
      ],
      [
       77.7426801,
       29.4451102
      ],
      [
       77.7440435,
       29.4455189
      ],
      [
       77.7453897,
       29.4459687
      ],
      [
       77.746717,
       29.4464591
      ],
      [
       77.7480239,
       29.4469896
      ],
      [
       77.7493088,
       29.4475595
      ],
      [
       77.75057,
       29.448168
      ],
      [
       77.7518061,
       29.4488145
      ],
      [
       77.7530156,
       29.4494982
      ],
      [
       77.7541969,
       29.4502182
      ],
      [
       77.7553487,
       29.4509736
      ],
      [
       77.7564695,
       29.4517636
      ],
      [
       77.757558,
       29.4525871
      ],
      [
       77.7586129,
       29.4534432
      ],
      [
       77.7596328,
       29.4543309
      ],
      [
       77.7606165,
       29.455249
      ],
      [
       77.7615628,
       29.4561964
      ],
      [
       77.7624706,
       29.457172
      ],
      [
       77.7633388,
       29.4581745
      ],
      [
       77.7641663,
       29.4592029
      ],
      [
       77.7649521,
       29.4602557
      ],
      [
       77.7656952,
       29.4613318
      ],
      [
       77.7663947,
       29.4624298
      ],
      [
       77.7670498,
       29.4635484
      ],
      [
       77.7676597,
       29.4646862
      ],
      [
       77.7682237,
       29.4658419
      ],
      [
       77.768741,
       29.4670139
      ],
      [
       77.7692109,
       29.468201
      ],
      [
       77.7696331,
       29.4694017
      ],
      [
       77.7700068,
       29.4706144
      ],
      [
       77.7703317,
       29.4718377
      ],
      [
       77.7706074,
       29.4730702
      ],
      [
       77.7708336,
       29.4743103
      ],
      [
       77.7710098,
       29.4755565
      ],
      [
       77.771136,
       29.4768073
      ],
      [
       77.771212,
       29.4780612
      ],
      [
       77.7712377,
       29.4793166
      ],
      [
       77.7712131,
       29.4805721
      ],
      [
       77.7711381,
       29.481826
      ],
      [
       77.7710129,
       29.4830769
      ],
      [
       77.7708376,
       29.4843232
      ],
      [
       77.7706125,
       29.4855634
      ],
      [
       77.7703377,
       29.4867961
      ],
      [
       77.7700137,
       29.4880196
      ],
      [
       77.7696408,
       29.4892326
      ],
      [
       77.7692196,
       29.4904334
      ],
      [
       77.7687504,
       29.4916208
      ],
      [
       77.7682339,
       29.4927932
      ],
      [
       77.7676706,
       29.4939491
      ],
      [
       77.7670614,
       29.4950873
      ],
      [
       77.7664069,
       29.4962062
      ],
      [
       77.7657079,
       29.4973046
      ],
      [
       77.7649653,
       29.4983811
      ],
      [
       77.7641799,
       29.4994344
      ],
      [
       77.7633528,
       29.5004631
      ],
      [
       77.7624849,
       29.5014661
      ],
      [
       77.7615773,
       29.5024421
      ],
      [
       77.7606311,
       29.50339
      ],
      [
       77.7596474,
       29.5043085
      ],
      [
       77.7586275,
       29.5051966
      ],
      [
       77.7575726,
       29.5060532
      ],
      [
       77.756484,
       29.5068771
      ],
      [
       77.7553629,
       29.5076675
      ],
      [
       77.7542109,
       29.5084234
      ],
      [
       77.7530292,
       29.5091438
      ],
      [
       77.7518193,
       29.5098279
      ],
      [
       77.7505827,
       29.5104748
      ],
      [
       77.7493209,
       29.5110837
      ],
      [
       77.7480355,
       29.5116539
      ],
      [
       77.7467279,
       29.5121847
      ],
      [
       77.7453999,
       29.5126755
      ],
      [
       77.7440529,
       29.5131256
      ],
      [
       77.7426887,
       29.5135346
      ],
      [
       77.741309,
       29.5139018
      ],
      [
       77.7399153,
       29.5142269
      ],
      [
       77.7385095,
       29.5145094
      ],
      [
       77.7370931,
       29.5147491
      ],
      [
       77.735668,
       29.5149456
      ],
      [
       77.7342359,
       29.5150987
      ],
      [
       77.7327985,
       29.5152082
      ],
      [
       77.7313577,
       29.5152739
      ],
      [
       77.729915,
       29.5152958
      ]
     ]
    ]
   }
  },
  {
   "type": "Feature",
   "properties": {
    "record_id": "rec99Vf7DqswhbVxc",
    "district": "Prayagraj ( Allahabad )",
    "camp_location": "Ajad Market Park,Telierganj,Prayagraj",
    "center_lat": 25.497271,
    "center_lon": 81.862492,
    "radius_m": 4000.0,
    "radius_km": 4.0,
    "stated_distance": "2-3KM",
    "target_household": "500",
    "tentative_date": "22-Aug-26",
    "status": null,
    "geometry_type": "4km_buffer"
   },
   "geometry": {
    "type": "Polygon",
    "coordinates": [
     [
      [
       81.862492,
       25.5332438
      ],
      [
       81.8611007,
       25.5332219
      ],
      [
       81.8597111,
       25.5331562
      ],
      [
       81.8583248,
       25.5330467
      ],
      [
       81.8569437,
       25.5328936
      ],
      [
       81.8555693,
       25.5326971
      ],
      [
       81.8542034,
       25.5324575
      ],
      [
       81.8528475,
       25.532175
      ],
      [
       81.8515035,
       25.5318499
      ],
      [
       81.8501728,
       25.5314827
      ],
      [
       81.8488572,
       25.5310738
      ],
      [
       81.8475581,
       25.5306237
      ],
      [
       81.8462773,
       25.5301329
      ],
      [
       81.8450163,
       25.5296021
      ],
      [
       81.8437765,
       25.5290319
      ],
      [
       81.8425596,
       25.528423
      ],
      [
       81.841367,
       25.5277762
      ],
      [
       81.8402002,
       25.5270921
      ],
      [
       81.8390605,
       25.5263718
      ],
      [
       81.8379494,
       25.5256159
      ],
      [
       81.8368682,
       25.5248255
      ],
      [
       81.8358183,
       25.5240016
      ],
      [
       81.8348008,
       25.5231451
      ],
      [
       81.8338172,
       25.522257
      ],
      [
       81.8328685,
       25.5213385
      ],
      [
       81.8319559,
       25.5203907
      ],
      [
       81.8310805,
       25.5194147
      ],
      [
       81.8302434,
       25.5184118
      ],
      [
       81.8294457,
       25.517383
      ],
      [
       81.8286882,
       25.5163298
      ],
      [
       81.8279719,
       25.5152534
      ],
      [
       81.8272977,
       25.514155
      ],
      [
       81.8266664,
       25.5130361
      ],
      [
       81.8260788,
       25.511898
      ],
      [
       81.8255355,
       25.510742
      ],
      [
       81.8250373,
       25.5095697
      ],
      [
       81.8245847,
       25.5083823
      ],
      [
       81.8241783,
       25.5071815
      ],
      [
       81.8238186,
       25.5059685
      ],
      [
       81.8235061,
       25.504745
      ],
      [
       81.823241,
       25.5035124
      ],
      [
       81.8230238,
       25.5022722
      ],
      [
       81.8228547,
       25.5010259
      ],
      [
       81.8227339,
       25.499775
      ],
      [
       81.8226615,
       25.4985211
      ],
      [
       81.8226376,
       25.4972656
      ],
      [
       81.8226623,
       25.4960102
      ],
      [
       81.8227355,
       25.4947563
      ],
      [
       81.8228572,
       25.4935055
      ],
      [
       81.8230271,
       25.4922593
      ],
      [
       81.8232451,
       25.4910192
      ],
      [
       81.8235109,
       25.4897867
      ],
      [
       81.8238242,
       25.4885633
      ],
      [
       81.8241847,
       25.4873506
      ],
      [
       81.8245917,
       25.4861499
      ],
      [
       81.8250449,
       25.4849628
      ],
      [
       81.8255438,
       25.4837907
      ],
      [
       81.8260876,
       25.482635
      ],
      [
       81.8266758,
       25.4814972
      ],
      [
       81.8273076,
       25.4803786
      ],
      [
       81.8279822,
       25.4792806
      ],
      [
       81.8286989,
       25.4782044
      ],
      [
       81.8294567,
       25.4771516
      ],
      [
       81.8302548,
       25.4761232
      ],
      [
       81.8310921,
       25.4751206
      ],
      [
       81.8319676,
       25.474145
      ],
      [
       81.8328803,
       25.4731975
      ],
      [
       81.8338291,
       25.4722794
      ],
      [
       81.8348128,
       25.4713917
      ],
      [
       81.8358301,
       25.4705356
      ],
      [
       81.83688,
       25.469712
      ],
      [
       81.837961,
       25.468922
      ],
      [
       81.8390718,
       25.4681665
      ],
      [
       81.8402112,
       25.4674465
      ],
      [
       81.8413777,
       25.4667628
      ],
      [
       81.84257,
       25.4661163
      ],
      [
       81.8437864,
       25.4655077
      ],
      [
       81.8450257,
       25.4649378
      ],
      [
       81.8462862,
       25.4644073
      ],
      [
       81.8475664,
       25.4639168
      ],
      [
       81.8488648,
       25.463467
      ],
      [
       81.8501798,
       25.4630583
      ],
      [
       81.8515098,
       25.4626913
      ],
      [
       81.8528531,
       25.4623664
      ],
      [
       81.8542082,
       25.462084
      ],
      [
       81.8555734,
       25.4618445
      ],
      [
       81.856947,
       25.4616482
      ],
      [
       81.8583273,
       25.4614952
      ],
      [
       81.8597127,
       25.4613858
      ],
      [
       81.8611015,
       25.4613201
      ],
      [
       81.862492,
       25.4612982
      ],
      [
       81.8638825,
       25.4613201
      ],
      [
       81.8652713,
       25.4613858
      ],
      [
       81.8666567,
       25.4614952
      ],
      [
       81.868037,
       25.4616482
      ],
      [
       81.8694106,
       25.4618445
      ],
      [
       81.8707758,
       25.462084
      ],
      [
       81.8721309,
       25.4623664
      ],
      [
       81.8734742,
       25.4626913
      ],
      [
       81.8748042,
       25.4630583
      ],
      [
       81.8761192,
       25.463467
      ],
      [
       81.8774176,
       25.4639168
      ],
      [
       81.8786978,
       25.4644073
      ],
      [
       81.8799583,
       25.4649378
      ],
      [
       81.8811976,
       25.4655077
      ],
      [
       81.882414,
       25.4661163
      ],
      [
       81.8836063,
       25.4667628
      ],
      [
       81.8847728,
       25.4674465
      ],
      [
       81.8859122,
       25.4681665
      ],
      [
       81.887023,
       25.468922
      ],
      [
       81.888104,
       25.469712
      ],
      [
       81.8891539,
       25.4705356
      ],
      [
       81.8901712,
       25.4713917
      ],
      [
       81.8911549,
       25.4722794
      ],
      [
       81.8921037,
       25.4731975
      ],
      [
       81.8930164,
       25.474145
      ],
      [
       81.8938919,
       25.4751206
      ],
      [
       81.8947292,
       25.4761232
      ],
      [
       81.8955273,
       25.4771516
      ],
      [
       81.8962851,
       25.4782044
      ],
      [
       81.8970018,
       25.4792806
      ],
      [
       81.8976764,
       25.4803786
      ],
      [
       81.8983082,
       25.4814972
      ],
      [
       81.8988964,
       25.482635
      ],
      [
       81.8994402,
       25.4837907
      ],
      [
       81.8999391,
       25.4849628
      ],
      [
       81.9003923,
       25.4861499
      ],
      [
       81.9007993,
       25.4873506
      ],
      [
       81.9011598,
       25.4885633
      ],
      [
       81.9014731,
       25.4897867
      ],
      [
       81.9017389,
       25.4910192
      ],
      [
       81.9019569,
       25.4922593
      ],
      [
       81.9021268,
       25.4935055
      ],
      [
       81.9022485,
       25.4947563
      ],
      [
       81.9023217,
       25.4960102
      ],
      [
       81.9023464,
       25.4972656
      ],
      [
       81.9023225,
       25.4985211
      ],
      [
       81.9022501,
       25.499775
      ],
      [
       81.9021293,
       25.5010259
      ],
      [
       81.9019602,
       25.5022722
      ],
      [
       81.901743,
       25.5035124
      ],
      [
       81.9014779,
       25.504745
      ],
      [
       81.9011654,
       25.5059685
      ],
      [
       81.9008057,
       25.5071815
      ],
      [
       81.9003993,
       25.5083823
      ],
      [
       81.8999467,
       25.5095697
      ],
      [
       81.8994485,
       25.510742
      ],
      [
       81.8989052,
       25.511898
      ],
      [
       81.8983176,
       25.5130361
      ],
      [
       81.8976863,
       25.514155
      ],
      [
       81.8970121,
       25.5152534
      ],
      [
       81.8962958,
       25.5163298
      ],
      [
       81.8955383,
       25.517383
      ],
      [
       81.8947406,
       25.5184118
      ],
      [
       81.8939035,
       25.5194147
      ],
      [
       81.8930281,
       25.5203907
      ],
      [
       81.8921155,
       25.5213385
      ],
      [
       81.8911668,
       25.522257
      ],
      [
       81.8901832,
       25.5231451
      ],
      [
       81.8891657,
       25.5240016
      ],
      [
       81.8881158,
       25.5248255
      ],
      [
       81.8870346,
       25.5256159
      ],
      [
       81.8859235,
       25.5263718
      ],
      [
       81.8847838,
       25.5270921
      ],
      [
       81.883617,
       25.5277762
      ],
      [
       81.8824244,
       25.528423
      ],
      [
       81.8812075,
       25.5290319
      ],
      [
       81.8799677,
       25.5296021
      ],
      [
       81.8787067,
       25.5301329
      ],
      [
       81.8774259,
       25.5306237
      ],
      [
       81.8761268,
       25.5310738
      ],
      [
       81.8748112,
       25.5314827
      ],
      [
       81.8734805,
       25.5318499
      ],
      [
       81.8721365,
       25.532175
      ],
      [
       81.8707806,
       25.5324575
      ],
      [
       81.8694147,
       25.5326971
      ],
      [
       81.8680403,
       25.5328936
      ],
      [
       81.8666592,
       25.5330467
      ],
      [
       81.8652729,
       25.5331562
      ],
      [
       81.8638833,
       25.5332219
      ],
      [
       81.862492,
       25.5332438
      ]
     ]
    ]
   }
  },
  {
   "type": "Feature",
   "properties": {
    "record_id": "recuj8kWe6WkLGbaW",
    "district": "Prayagraj ( Allahabad ) 2",
    "camp_location": "Sai vila ke pass ,Lukarganj prayagraj uttar pradesh",
    "center_lat": 25.442281,
    "center_lon": 81.812266,
    "radius_m": 4000.0,
    "radius_km": 4.0,
    "stated_distance": "2-3KM",
    "target_household": "500",
    "tentative_date": "26-Aug-26",
    "status": null,
    "geometry_type": "4km_buffer"
   },
   "geometry": {
    "type": "Polygon",
    "coordinates": [
     [
      [
       81.812266,
       25.4782538
      ],
      [
       81.8108753,
       25.4782319
      ],
      [
       81.8094863,
       25.4781662
      ],
      [
       81.8081007,
       25.4780567
      ],
      [
       81.8067202,
       25.4779036
      ],
      [
       81.8053465,
       25.4777071
      ],
      [
       81.8039812,
       25.4774675
      ],
      [
       81.802626,
       25.477185
      ],
      [
       81.8012825,
       25.4768599
      ],
      [
       81.7999524,
       25.4764927
      ],
      [
       81.7986374,
       25.4760838
      ],
      [
       81.797339,
       25.4756337
      ],
      [
       81.7960587,
       25.4751429
      ],
      [
       81.7947983,
       25.4746121
      ],
      [
       81.7935591,
       25.4740419
      ],
      [
       81.7923428,
       25.473433
      ],
      [
       81.7911507,
       25.4727862
      ],
      [
       81.7899844,
       25.4721021
      ],
      [
       81.7888452,
       25.4713818
      ],
      [
       81.7877346,
       25.4706259
      ],
      [
       81.7866539,
       25.4698356
      ],
      [
       81.7856045,
       25.4690116
      ],
      [
       81.7845875,
       25.4681551
      ],
      [
       81.7836043,
       25.467267
      ],
      [
       81.782656,
       25.4663485
      ],
      [
       81.7817438,
       25.4654007
      ],
      [
       81.7808689,
       25.4644247
      ],
      [
       81.7800322,
       25.4634218
      ],
      [
       81.7792348,
       25.462393
      ],
      [
       81.7784776,
       25.4613398
      ],
      [
       81.7777617,
       25.4602634
      ],
      [
       81.7770878,
       25.459165
      ],
      [
       81.7764568,
       25.4580461
      ],
      [
       81.7758694,
       25.456908
      ],
      [
       81.7753264,
       25.455752
      ],
      [
       81.7748284,
       25.4545797
      ],
      [
       81.774376,
       25.4533924
      ],
      [
       81.7739698,
       25.4521915
      ],
      [
       81.7736103,
       25.4509786
      ],
      [
       81.7732979,
       25.449755
      ],
      [
       81.773033,
       25.4485224
      ],
      [
       81.7728159,
       25.4472822
      ],
      [
       81.7726468,
       25.4460359
      ],
      [
       81.772526,
       25.444785
      ],
      [
       81.7724537,
       25.4435311
      ],
      [
       81.7724298,
       25.4422756
      ],
      [
       81.7724545,
       25.4410202
      ],
      [
       81.7725277,
       25.4397663
      ],
      [
       81.7726493,
       25.4385155
      ],
      [
       81.7728191,
       25.4372693
      ],
      [
       81.773037,
       25.4360292
      ],
      [
       81.7733027,
       25.4347967
      ],
      [
       81.7736159,
       25.4335733
      ],
      [
       81.7739762,
       25.4323606
      ],
      [
       81.774383,
       25.4311599
      ],
      [
       81.7748361,
       25.4299728
      ],
      [
       81.7753347,
       25.4288007
      ],
      [
       81.7758783,
       25.4276451
      ],
      [
       81.7764662,
       25.4265072
      ],
      [
       81.7770977,
       25.4253886
      ],
      [
       81.777772,
       25.4242906
      ],
      [
       81.7784883,
       25.4232145
      ],
      [
       81.7792458,
       25.4221616
      ],
      [
       81.7800435,
       25.4211332
      ],
      [
       81.7808804,
       25.4201306
      ],
      [
       81.7817556,
       25.419155
      ],
      [
       81.7826679,
       25.4182075
      ],
      [
       81.7836162,
       25.4172894
      ],
      [
       81.7845994,
       25.4164017
      ],
      [
       81.7856163,
       25.4155456
      ],
      [
       81.7866656,
       25.414722
      ],
      [
       81.7877462,
       25.413932
      ],
      [
       81.7888565,
       25.4131765
      ],
      [
       81.7899954,
       25.4124565
      ],
      [
       81.7911614,
       25.4117728
      ],
      [
       81.7923531,
       25.4111263
      ],
      [
       81.793569,
       25.4105177
      ],
      [
       81.7948077,
       25.4099478
      ],
      [
       81.7960676,
       25.4094173
      ],
      [
       81.7973472,
       25.4089268
      ],
      [
       81.798645,
       25.408477
      ],
      [
       81.7999594,
       25.4080683
      ],
      [
       81.8012888,
       25.4077013
      ],
      [
       81.8026315,
       25.4073764
      ],
      [
       81.803986,
       25.407094
      ],
      [
       81.8053506,
       25.4068545
      ],
      [
       81.8067235,
       25.4066582
      ],
      [
       81.8081032,
       25.4065052
      ],
      [
       81.809488,
       25.4063958
      ],
      [
       81.8108762,
       25.4063301
      ],
      [
       81.812266,
       25.4063082
      ],
      [
       81.8136558,
       25.4063301
      ],
      [
       81.815044,
       25.4063958
      ],
      [
       81.8164288,
       25.4065052
      ],
      [
       81.8178085,
       25.4066582
      ],
      [
       81.8191814,
       25.4068545
      ],
      [
       81.820546,
       25.407094
      ],
      [
       81.8219005,
       25.4073764
      ],
      [
       81.8232432,
       25.4077013
      ],
      [
       81.8245726,
       25.4080683
      ],
      [
       81.825887,
       25.408477
      ],
      [
       81.8271848,
       25.4089268
      ],
      [
       81.8284644,
       25.4094173
      ],
      [
       81.8297243,
       25.4099478
      ],
      [
       81.830963,
       25.4105177
      ],
      [
       81.8321789,
       25.4111263
      ],
      [
       81.8333706,
       25.4117728
      ],
      [
       81.8345366,
       25.4124565
      ],
      [
       81.8356755,
       25.4131765
      ],
      [
       81.8367858,
       25.413932
      ],
      [
       81.8378664,
       25.414722
      ],
      [
       81.8389157,
       25.4155456
      ],
      [
       81.8399326,
       25.4164017
      ],
      [
       81.8409158,
       25.4172894
      ],
      [
       81.8418641,
       25.4182075
      ],
      [
       81.8427764,
       25.419155
      ],
      [
       81.8436516,
       25.4201306
      ],
      [
       81.8444885,
       25.4211332
      ],
      [
       81.8452862,
       25.4221616
      ],
      [
       81.8460437,
       25.4232145
      ],
      [
       81.84676,
       25.4242906
      ],
      [
       81.8474343,
       25.4253886
      ],
      [
       81.8480658,
       25.4265072
      ],
      [
       81.8486537,
       25.4276451
      ],
      [
       81.8491973,
       25.4288007
      ],
      [
       81.8496959,
       25.4299728
      ],
      [
       81.850149,
       25.4311599
      ],
      [
       81.8505558,
       25.4323606
      ],
      [
       81.8509161,
       25.4335733
      ],
      [
       81.8512293,
       25.4347967
      ],
      [
       81.851495,
       25.4360292
      ],
      [
       81.8517129,
       25.4372693
      ],
      [
       81.8518827,
       25.4385155
      ],
      [
       81.8520043,
       25.4397663
      ],
      [
       81.8520775,
       25.4410202
      ],
      [
       81.8521022,
       25.4422756
      ],
      [
       81.8520783,
       25.4435311
      ],
      [
       81.852006,
       25.444785
      ],
      [
       81.8518852,
       25.4460359
      ],
      [
       81.8517161,
       25.4472822
      ],
      [
       81.851499,
       25.4485224
      ],
      [
       81.8512341,
       25.449755
      ],
      [
       81.8509217,
       25.4509786
      ],
      [
       81.8505622,
       25.4521915
      ],
      [
       81.850156,
       25.4533924
      ],
      [
       81.8497036,
       25.4545797
      ],
      [
       81.8492056,
       25.455752
      ],
      [
       81.8486626,
       25.456908
      ],
      [
       81.8480752,
       25.4580461
      ],
      [
       81.8474442,
       25.459165
      ],
      [
       81.8467703,
       25.4602634
      ],
      [
       81.8460544,
       25.4613398
      ],
      [
       81.8452972,
       25.462393
      ],
      [
       81.8444998,
       25.4634218
      ],
      [
       81.8436631,
       25.4644247
      ],
      [
       81.8427882,
       25.4654007
      ],
      [
       81.841876,
       25.4663485
      ],
      [
       81.8409277,
       25.467267
      ],
      [
       81.8399445,
       25.4681551
      ],
      [
       81.8389275,
       25.4690116
      ],
      [
       81.8378781,
       25.4698356
      ],
      [
       81.8367974,
       25.4706259
      ],
      [
       81.8356868,
       25.4713818
      ],
      [
       81.8345476,
       25.4721021
      ],
      [
       81.8333813,
       25.4727862
      ],
      [
       81.8321892,
       25.473433
      ],
      [
       81.8309729,
       25.4740419
      ],
      [
       81.8297337,
       25.4746121
      ],
      [
       81.8284733,
       25.4751429
      ],
      [
       81.827193,
       25.4756337
      ],
      [
       81.8258946,
       25.4760838
      ],
      [
       81.8245796,
       25.4764927
      ],
      [
       81.8232495,
       25.4768599
      ],
      [
       81.821906,
       25.477185
      ],
      [
       81.8205508,
       25.4774675
      ],
      [
       81.8191855,
       25.4777071
      ],
      [
       81.8178118,
       25.4779036
      ],
      [
       81.8164313,
       25.4780567
      ],
      [
       81.8150457,
       25.4781662
      ],
      [
       81.8136567,
       25.4782319
      ],
      [
       81.812266,
       25.4782538
      ]
     ]
    ]
   }
  },
  {
   "type": "Feature",
   "properties": {
    "record_id": "recPQW9oXh8O5P1bl",
    "district": "Sitapur",
    "camp_location": "Mandap Guest House, Civil Line, Sitapur",
    "center_lat": 27.566391,
    "center_lon": 80.677891,
    "radius_m": 4000.0,
    "radius_km": 4.0,
    "stated_distance": "2-3KM",
    "target_household": "500",
    "tentative_date": "23-Aug-26",
    "status": null,
    "geometry_type": "4km_buffer"
   },
   "geometry": {
    "type": "Polygon",
    "coordinates": [
     [
      [
       80.677891,
       27.6023638
      ],
      [
       80.6764743,
       27.6023419
      ],
      [
       80.6750594,
       27.6022762
      ],
      [
       80.6736479,
       27.6021667
      ],
      [
       80.6722416,
       27.6020136
      ],
      [
       80.6708421,
       27.6018171
      ],
      [
       80.6694513,
       27.6015775
      ],
      [
       80.6680708,
       27.6012949
      ],
      [
       80.6667022,
       27.6009698
      ],
      [
       80.6653473,
       27.6006026
      ],
      [
       80.6640077,
       27.6001937
      ],
      [
       80.662685,
       27.5997436
      ],
      [
       80.6613808,
       27.5992528
      ],
      [
       80.6600968,
       27.598722
      ],
      [
       80.6588345,
       27.5981518
      ],
      [
       80.6575954,
       27.5975429
      ],
      [
       80.6563811,
       27.596896
      ],
      [
       80.655193,
       27.596212
      ],
      [
       80.6540326,
       27.5954916
      ],
      [
       80.6529012,
       27.5947357
      ],
      [
       80.6518004,
       27.5939453
      ],
      [
       80.6507313,
       27.5931214
      ],
      [
       80.6496954,
       27.5922648
      ],
      [
       80.6486938,
       27.5913768
      ],
      [
       80.6477279,
       27.5904583
      ],
      [
       80.6467987,
       27.5895104
      ],
      [
       80.6459074,
       27.5885344
      ],
      [
       80.6450551,
       27.5875314
      ],
      [
       80.6442428,
       27.5865027
      ],
      [
       80.6434716,
       27.5854494
      ],
      [
       80.6427423,
       27.584373
      ],
      [
       80.6420558,
       27.5832746
      ],
      [
       80.6414131,
       27.5821557
      ],
      [
       80.6408147,
       27.5810175
      ],
      [
       80.6402616,
       27.5798616
      ],
      [
       80.6397544,
       27.5786892
      ],
      [
       80.6392936,
       27.5775019
      ],
      [
       80.6388799,
       27.576301
      ],
      [
       80.6385137,
       27.5750881
      ],
      [
       80.6381955,
       27.5738645
      ],
      [
       80.6379256,
       27.5726319
      ],
      [
       80.6377045,
       27.5713917
      ],
      [
       80.6375323,
       27.5701454
      ],
      [
       80.6374093,
       27.5688945
      ],
      [
       80.6373357,
       27.5676405
      ],
      [
       80.6373114,
       27.5663851
      ],
      [
       80.6373366,
       27.5651297
      ],
      [
       80.6374112,
       27.5638758
      ],
      [
       80.6375351,
       27.562625
      ],
      [
       80.6377081,
       27.5613788
      ],
      [
       80.6379302,
       27.5601387
      ],
      [
       80.6382009,
       27.5589062
      ],
      [
       80.6385199,
       27.5576828
      ],
      [
       80.6388869,
       27.5564701
      ],
      [
       80.6393014,
       27.5552695
      ],
      [
       80.6397629,
       27.5540824
      ],
      [
       80.6402709,
       27.5529103
      ],
      [
       80.6408246,
       27.5517546
      ],
      [
       80.6414235,
       27.5506168
      ],
      [
       80.6420668,
       27.5494982
      ],
      [
       80.6427538,
       27.5484002
      ],
      [
       80.6434835,
       27.5473241
      ],
      [
       80.6442551,
       27.5462712
      ],
      [
       80.6450677,
       27.5452429
      ],
      [
       80.6459203,
       27.5442403
      ],
      [
       80.6468118,
       27.5432647
      ],
      [
       80.6477411,
       27.5423172
      ],
      [
       80.6487071,
       27.5413991
      ],
      [
       80.6497087,
       27.5405115
      ],
      [
       80.6507446,
       27.5396554
      ],
      [
       80.6518135,
       27.5388318
      ],
      [
       80.6529141,
       27.5380418
      ],
      [
       80.6540452,
       27.5372863
      ],
      [
       80.6552053,
       27.5365663
      ],
      [
       80.6563931,
       27.5358827
      ],
      [
       80.657607,
       27.5352362
      ],
      [
       80.6588455,
       27.5346276
      ],
      [
       80.6601073,
       27.5340577
      ],
      [
       80.6613907,
       27.5335272
      ],
      [
       80.6626942,
       27.5330368
      ],
      [
       80.6640162,
       27.5325869
      ],
      [
       80.6653551,
       27.5321783
      ],
      [
       80.6667093,
       27.5318113
      ],
      [
       80.668077,
       27.5314864
      ],
      [
       80.6694567,
       27.531204
      ],
      [
       80.6708467,
       27.5309645
      ],
      [
       80.6722452,
       27.5307682
      ],
      [
       80.6736507,
       27.5306152
      ],
      [
       80.6750612,
       27.5305058
      ],
      [
       80.6764753,
       27.5304401
      ],
      [
       80.677891,
       27.5304182
      ],
      [
       80.6793067,
       27.5304401
      ],
      [
       80.6807208,
       27.5305058
      ],
      [
       80.6821313,
       27.5306152
      ],
      [
       80.6835368,
       27.5307682
      ],
      [
       80.6849353,
       27.5309645
      ],
      [
       80.6863253,
       27.531204
      ],
      [
       80.687705,
       27.5314864
      ],
      [
       80.6890727,
       27.5318113
      ],
      [
       80.6904269,
       27.5321783
      ],
      [
       80.6917658,
       27.5325869
      ],
      [
       80.6930878,
       27.5330368
      ],
      [
       80.6943913,
       27.5335272
      ],
      [
       80.6956747,
       27.5340577
      ],
      [
       80.6969365,
       27.5346276
      ],
      [
       80.698175,
       27.5352362
      ],
      [
       80.6993889,
       27.5358827
      ],
      [
       80.7005767,
       27.5365663
      ],
      [
       80.7017368,
       27.5372863
      ],
      [
       80.7028679,
       27.5380418
      ],
      [
       80.7039685,
       27.5388318
      ],
      [
       80.7050374,
       27.5396554
      ],
      [
       80.7060733,
       27.5405115
      ],
      [
       80.7070749,
       27.5413991
      ],
      [
       80.7080409,
       27.5423172
      ],
      [
       80.7089702,
       27.5432647
      ],
      [
       80.7098617,
       27.5442403
      ],
      [
       80.7107143,
       27.5452429
      ],
      [
       80.7115269,
       27.5462712
      ],
      [
       80.7122985,
       27.5473241
      ],
      [
       80.7130282,
       27.5484002
      ],
      [
       80.7137152,
       27.5494982
      ],
      [
       80.7143585,
       27.5506168
      ],
      [
       80.7149574,
       27.5517546
      ],
      [
       80.7155111,
       27.5529103
      ],
      [
       80.7160191,
       27.5540824
      ],
      [
       80.7164806,
       27.5552695
      ],
      [
       80.7168951,
       27.5564701
      ],
      [
       80.7172621,
       27.5576828
      ],
      [
       80.7175811,
       27.5589062
      ],
      [
       80.7178518,
       27.5601387
      ],
      [
       80.7180739,
       27.5613788
      ],
      [
       80.7182469,
       27.562625
      ],
      [
       80.7183708,
       27.5638758
      ],
      [
       80.7184454,
       27.5651297
      ],
      [
       80.7184706,
       27.5663851
      ],
      [
       80.7184463,
       27.5676405
      ],
      [
       80.7183727,
       27.5688945
      ],
      [
       80.7182497,
       27.5701454
      ],
      [
       80.7180775,
       27.5713917
      ],
      [
       80.7178564,
       27.5726319
      ],
      [
       80.7175865,
       27.5738645
      ],
      [
       80.7172683,
       27.5750881
      ],
      [
       80.7169021,
       27.576301
      ],
      [
       80.7164884,
       27.5775019
      ],
      [
       80.7160276,
       27.5786892
      ],
      [
       80.7155204,
       27.5798616
      ],
      [
       80.7149673,
       27.5810175
      ],
      [
       80.7143689,
       27.5821557
      ],
      [
       80.7137262,
       27.5832746
      ],
      [
       80.7130397,
       27.584373
      ],
      [
       80.7123104,
       27.5854494
      ],
      [
       80.7115392,
       27.5865027
      ],
      [
       80.7107269,
       27.5875314
      ],
      [
       80.7098746,
       27.5885344
      ],
      [
       80.7089833,
       27.5895104
      ],
      [
       80.7080541,
       27.5904583
      ],
      [
       80.7070882,
       27.5913768
      ],
      [
       80.7060866,
       27.5922648
      ],
      [
       80.7050507,
       27.5931214
      ],
      [
       80.7039816,
       27.5939453
      ],
      [
       80.7028808,
       27.5947357
      ],
      [
       80.7017494,
       27.5954916
      ],
      [
       80.700589,
       27.596212
      ],
      [
       80.6994009,
       27.596896
      ],
      [
       80.6981866,
       27.5975429
      ],
      [
       80.6969475,
       27.5981518
      ],
      [
       80.6956852,
       27.598722
      ],
      [
       80.6944012,
       27.5992528
      ],
      [
       80.693097,
       27.5997436
      ],
      [
       80.6917743,
       27.6001937
      ],
      [
       80.6904347,
       27.6006026
      ],
      [
       80.6890798,
       27.6009698
      ],
      [
       80.6877112,
       27.6012949
      ],
      [
       80.6863307,
       27.6015775
      ],
      [
       80.6849399,
       27.6018171
      ],
      [
       80.6835404,
       27.6020136
      ],
      [
       80.6821341,
       27.6021667
      ],
      [
       80.6807226,
       27.6022762
      ],
      [
       80.6793077,
       27.6023419
      ],
      [
       80.677891,
       27.6023638
      ]
     ]
    ]
   }
  },
  {
   "type": "Feature",
   "properties": {
    "record_id": "recr3gsIBJFoTwRtG",
    "district": "Unnao",
    "camp_location": "Kishori Kheda, Ward 26, Unnao",
    "center_lat": 26.562691,
    "center_lon": 80.478517,
    "radius_m": 4000.0,
    "radius_km": 4.0,
    "stated_distance": "2-3KM",
    "target_household": "500",
    "tentative_date": "24-Aug-26",
    "status": null,
    "geometry_type": "4km_buffer"
   },
   "geometry": {
    "type": "Polygon",
    "coordinates": [
     [
      [
       80.478517,
       26.5986638
      ],
      [
       80.477113,
       26.5986419
      ],
      [
       80.4757107,
       26.5985762
      ],
      [
       80.4743118,
       26.5984667
      ],
      [
       80.472918,
       26.5983136
      ],
      [
       80.4715311,
       26.5981171
      ],
      [
       80.4701526,
       26.5978775
      ],
      [
       80.4687844,
       26.5975949
      ],
      [
       80.4674281,
       26.5972699
      ],
      [
       80.4660852,
       26.5969026
      ],
      [
       80.4647576,
       26.5964937
      ],
      [
       80.4634467,
       26.5960436
      ],
      [
       80.4621542,
       26.5955529
      ],
      [
       80.4608816,
       26.5950221
      ],
      [
       80.4596306,
       26.5944519
      ],
      [
       80.4584025,
       26.593843
      ],
      [
       80.457199,
       26.5931961
      ],
      [
       80.4560215,
       26.592512
      ],
      [
       80.4548714,
       26.5917917
      ],
      [
       80.4537502,
       26.5910358
      ],
      [
       80.4526591,
       26.5902454
      ],
      [
       80.4515996,
       26.5894215
      ],
      [
       80.4505729,
       26.588565
      ],
      [
       80.4495803,
       26.5876769
      ],
      [
       80.4486229,
       26.5867584
      ],
      [
       80.447702,
       26.5858106
      ],
      [
       80.4468187,
       26.5848346
      ],
      [
       80.4459739,
       26.5838316
      ],
      [
       80.4451689,
       26.5828029
      ],
      [
       80.4444045,
       26.5817496
      ],
      [
       80.4436817,
       26.5806732
      ],
      [
       80.4430014,
       26.5795748
      ],
      [
       80.4423643,
       26.5784559
      ],
      [
       80.4417713,
       26.5773177
      ],
      [
       80.4412231,
       26.5761618
      ],
      [
       80.4407204,
       26.5749894
      ],
      [
       80.4402637,
       26.5738021
      ],
      [
       80.4398536,
       26.5726012
      ],
      [
       80.4394907,
       26.5713883
      ],
      [
       80.4391753,
       26.5701648
      ],
      [
       80.4389078,
       26.5689321
      ],
      [
       80.4386887,
       26.5676919
      ],
      [
       80.438518,
       26.5664456
      ],
      [
       80.4383961,
       26.5651947
      ],
      [
       80.4383231,
       26.5639408
      ],
      [
       80.438299,
       26.5626854
      ],
      [
       80.4383239,
       26.5614299
      ],
      [
       80.4383978,
       26.560176
      ],
      [
       80.4385206,
       26.5589252
      ],
      [
       80.4386921,
       26.557679
      ],
      [
       80.4389122,
       26.5564389
      ],
      [
       80.4391804,
       26.5552064
      ],
      [
       80.4394966,
       26.5539831
      ],
      [
       80.4398603,
       26.5527703
      ],
      [
       80.4402711,
       26.5515697
      ],
      [
       80.4407285,
       26.5503826
      ],
      [
       80.4412319,
       26.5492105
      ],
      [
       80.4417807,
       26.5480548
      ],
      [
       80.4423743,
       26.546917
      ],
      [
       80.4430118,
       26.5457984
      ],
      [
       80.4436927,
       26.5447004
      ],
      [
       80.4444159,
       26.5436243
      ],
      [
       80.4451806,
       26.5425714
      ],
      [
       80.445986,
       26.541543
      ],
      [
       80.4468309,
       26.5405404
      ],
      [
       80.4477144,
       26.5395648
      ],
      [
       80.4486355,
       26.5386174
      ],
      [
       80.4495929,
       26.5376993
      ],
      [
       80.4505855,
       26.5368116
      ],
      [
       80.4516122,
       26.5359555
      ],
      [
       80.4526716,
       26.5351319
      ],
      [
       80.4537624,
       26.5343419
      ],
      [
       80.4548835,
       26.5335864
      ],
      [
       80.4560332,
       26.5328664
      ],
      [
       80.4572104,
       26.5321827
      ],
      [
       80.4584135,
       26.5315362
      ],
      [
       80.459641,
       26.5309276
      ],
      [
       80.4608916,
       26.5303578
      ],
      [
       80.4621636,
       26.5298273
      ],
      [
       80.4634555,
       26.5293368
      ],
      [
       80.4647657,
       26.528887
      ],
      [
       80.4660927,
       26.5284783
      ],
      [
       80.4674348,
       26.5281113
      ],
      [
       80.4687903,
       26.5277864
      ],
      [
       80.4701578,
       26.527504
      ],
      [
       80.4715354,
       26.5272645
      ],
      [
       80.4729215,
       26.5270682
      ],
      [
       80.4743144,
       26.5269152
      ],
      [
       80.4757124,
       26.5268058
      ],
      [
       80.4771139,
       26.5267401
      ],
      [
       80.478517,
       26.5267182
      ],
      [
       80.4799201,
       26.5267401
      ],
      [
       80.4813216,
       26.5268058
      ],
      [
       80.4827196,
       26.5269152
      ],
      [
       80.4841125,
       26.5270682
      ],
      [
       80.4854986,
       26.5272645
      ],
      [
       80.4868762,
       26.527504
      ],
      [
       80.4882437,
       26.5277864
      ],
      [
       80.4895992,
       26.5281113
      ],
      [
       80.4909413,
       26.5284783
      ],
      [
       80.4922683,
       26.528887
      ],
      [
       80.4935785,
       26.5293368
      ],
      [
       80.4948704,
       26.5298273
      ],
      [
       80.4961424,
       26.5303578
      ],
      [
       80.497393,
       26.5309276
      ],
      [
       80.4986205,
       26.5315362
      ],
      [
       80.4998236,
       26.5321827
      ],
      [
       80.5010008,
       26.5328664
      ],
      [
       80.5021505,
       26.5335864
      ],
      [
       80.5032716,
       26.5343419
      ],
      [
       80.5043624,
       26.5351319
      ],
      [
       80.5054218,
       26.5359555
      ],
      [
       80.5064485,
       26.5368116
      ],
      [
       80.5074411,
       26.5376993
      ],
      [
       80.5083985,
       26.5386174
      ],
      [
       80.5093196,
       26.5395648
      ],
      [
       80.5102031,
       26.5405404
      ],
      [
       80.511048,
       26.541543
      ],
      [
       80.5118534,
       26.5425714
      ],
      [
       80.5126181,
       26.5436243
      ],
      [
       80.5133413,
       26.5447004
      ],
      [
       80.5140222,
       26.5457984
      ],
      [
       80.5146597,
       26.546917
      ],
      [
       80.5152533,
       26.5480548
      ],
      [
       80.5158021,
       26.5492105
      ],
      [
       80.5163055,
       26.5503826
      ],
      [
       80.5167629,
       26.5515697
      ],
      [
       80.5171737,
       26.5527703
      ],
      [
       80.5175374,
       26.5539831
      ],
      [
       80.5178536,
       26.5552064
      ],
      [
       80.5181218,
       26.5564389
      ],
      [
       80.5183419,
       26.557679
      ],
      [
       80.5185134,
       26.5589252
      ],
      [
       80.5186362,
       26.560176
      ],
      [
       80.5187101,
       26.5614299
      ],
      [
       80.518735,
       26.5626854
      ],
      [
       80.5187109,
       26.5639408
      ],
      [
       80.5186379,
       26.5651947
      ],
      [
       80.518516,
       26.5664456
      ],
      [
       80.5183453,
       26.5676919
      ],
      [
       80.5181262,
       26.5689321
      ],
      [
       80.5178587,
       26.5701648
      ],
      [
       80.5175433,
       26.5713883
      ],
      [
       80.5171804,
       26.5726012
      ],
      [
       80.5167703,
       26.5738021
      ],
      [
       80.5163136,
       26.5749894
      ],
      [
       80.5158109,
       26.5761618
      ],
      [
       80.5152627,
       26.5773177
      ],
      [
       80.5146697,
       26.5784559
      ],
      [
       80.5140326,
       26.5795748
      ],
      [
       80.5133523,
       26.5806732
      ],
      [
       80.5126295,
       26.5817496
      ],
      [
       80.5118651,
       26.5828029
      ],
      [
       80.5110601,
       26.5838316
      ],
      [
       80.5102153,
       26.5848346
      ],
      [
       80.509332,
       26.5858106
      ],
      [
       80.5084111,
       26.5867584
      ],
      [
       80.5074537,
       26.5876769
      ],
      [
       80.5064611,
       26.588565
      ],
      [
       80.5054344,
       26.5894215
      ],
      [
       80.5043749,
       26.5902454
      ],
      [
       80.5032838,
       26.5910358
      ],
      [
       80.5021626,
       26.5917917
      ],
      [
       80.5010125,
       26.592512
      ],
      [
       80.499835,
       26.5931961
      ],
      [
       80.4986315,
       26.593843
      ],
      [
       80.4974034,
       26.5944519
      ],
      [
       80.4961524,
       26.5950221
      ],
      [
       80.4948798,
       26.5955529
      ],
      [
       80.4935873,
       26.5960436
      ],
      [
       80.4922764,
       26.5964937
      ],
      [
       80.4909488,
       26.5969026
      ],
      [
       80.4896059,
       26.5972699
      ],
      [
       80.4882496,
       26.5975949
      ],
      [
       80.4868814,
       26.5978775
      ],
      [
       80.4855029,
       26.5981171
      ],
      [
       80.484116,
       26.5983136
      ],
      [
       80.4827222,
       26.5984667
      ],
      [
       80.4813233,
       26.5985762
      ],
      [
       80.479921,
       26.5986419
      ],
      [
       80.478517,
       26.5986638
      ]
     ]
    ]
   }
  },
  {
   "type": "Feature",
   "properties": {
    "record_id": "rechT0vepl5kGiLLF",
    "district": "Varanasi",
    "camp_location": "Ram Janki mandir ke pass, Pendaypur, Varanasi",
    "center_lat": 25.3491207,
    "center_lon": 82.9933749,
    "radius_m": 4000.0,
    "radius_km": 4.0,
    "stated_distance": "2-3KM",
    "target_household": "500",
    "tentative_date": "22-Aug-26",
    "status": null,
    "geometry_type": "4km_buffer"
   },
   "geometry": {
    "type": "Polygon",
    "coordinates": [
     [
      [
       82.9933749,
       25.3850935
      ],
      [
       82.9919853,
       25.3850716
      ],
      [
       82.9905974,
       25.3850059
      ],
      [
       82.9892129,
       25.3848964
      ],
      [
       82.9878334,
       25.3847433
      ],
      [
       82.9864607,
       25.3845468
      ],
      [
       82.9850965,
       25.3843072
      ],
      [
       82.9837423,
       25.3840247
      ],
      [
       82.9823999,
       25.3836996
      ],
      [
       82.9810709,
       25.3833324
      ],
      [
       82.9797568,
       25.3829235
      ],
      [
       82.9784594,
       25.3824734
      ],
      [
       82.9771802,
       25.3819826
      ],
      [
       82.9759207,
       25.3814518
      ],
      [
       82.9746825,
       25.3808816
      ],
      [
       82.973467,
       25.3802727
      ],
      [
       82.9722759,
       25.3796259
      ],
      [
       82.9711105,
       25.3789418
      ],
      [
       82.9699722,
       25.3782215
      ],
      [
       82.9688625,
       25.3774656
      ],
      [
       82.9677826,
       25.3766753
      ],
      [
       82.966734,
       25.3758513
      ],
      [
       82.9657178,
       25.3749948
      ],
      [
       82.9647353,
       25.3741067
      ],
      [
       82.9637878,
       25.3731883
      ],
      [
       82.9628763,
       25.3722404
      ],
      [
       82.962002,
       25.3712645
      ],
      [
       82.961166,
       25.3702615
      ],
      [
       82.9603692,
       25.3692328
      ],
      [
       82.9596126,
       25.3681795
      ],
      [
       82.9588972,
       25.3671031
      ],
      [
       82.9582239,
       25.3660047
      ],
      [
       82.9575933,
       25.3648858
      ],
      [
       82.9570064,
       25.3637477
      ],
      [
       82.9564638,
       25.3625918
      ],
      [
       82.9559662,
       25.3614194
      ],
      [
       82.9555142,
       25.3602321
      ],
      [
       82.9551083,
       25.3590312
      ],
      [
       82.9547491,
       25.3578183
      ],
      [
       82.9544369,
       25.3565947
      ],
      [
       82.9541722,
       25.3553621
      ],
      [
       82.9539552,
       25.3541219
      ],
      [
       82.9537863,
       25.3528756
      ],
      [
       82.9536656,
       25.3516247
      ],
      [
       82.9535933,
       25.3503708
      ],
      [
       82.9535695,
       25.3491154
      ],
      [
       82.9535941,
       25.3478599
      ],
      [
       82.9536672,
       25.346606
      ],
      [
       82.9537887,
       25.3453552
      ],
      [
       82.9539585,
       25.344109
      ],
      [
       82.9541762,
       25.3428689
      ],
      [
       82.9544417,
       25.3416364
      ],
      [
       82.9547546,
       25.3404131
      ],
      [
       82.9551146,
       25.3392003
      ],
      [
       82.9555211,
       25.3379997
      ],
      [
       82.9559738,
       25.3368125
      ],
      [
       82.956472,
       25.3356404
      ],
      [
       82.9570152,
       25.3344848
      ],
      [
       82.9576027,
       25.3333469
      ],
      [
       82.9582337,
       25.3322283
      ],
      [
       82.9589075,
       25.3311303
      ],
      [
       82.9596233,
       25.3300542
      ],
      [
       82.9603802,
       25.3290013
      ],
      [
       82.9611772,
       25.3279729
      ],
      [
       82.9620135,
       25.3269703
      ],
      [
       82.962888,
       25.3259947
      ],
      [
       82.9637996,
       25.3250472
      ],
      [
       82.9647472,
       25.3241291
      ],
      [
       82.9657296,
       25.3232414
      ],
      [
       82.9667457,
       25.3223853
      ],
      [
       82.9677943,
       25.3215617
      ],
      [
       82.968874,
       25.3207717
      ],
      [
       82.9699835,
       25.3200162
      ],
      [
       82.9711215,
       25.3192962
      ],
      [
       82.9722865,
       25.3186125
      ],
      [
       82.9734773,
       25.317966
      ],
      [
       82.9746923,
       25.3173574
      ],
      [
       82.97593,
       25.3167875
      ],
      [
       82.977189,
       25.316257
      ],
      [
       82.9784676,
       25.3157665
      ],
      [
       82.9797644,
       25.3153167
      ],
      [
       82.9810778,
       25.314908
      ],
      [
       82.9824062,
       25.314541
      ],
      [
       82.9837479,
       25.3142161
      ],
      [
       82.9851013,
       25.3139337
      ],
      [
       82.9864648,
       25.3136942
      ],
      [
       82.9878367,
       25.3134979
      ],
      [
       82.9892153,
       25.3133449
      ],
      [
       82.990599,
       25.3132355
      ],
      [
       82.9919861,
       25.3131698
      ],
      [
       82.9933749,
       25.3131479
      ],
      [
       82.9947637,
       25.3131698
      ],
      [
       82.9961508,
       25.3132355
      ],
      [
       82.9975345,
       25.3133449
      ],
      [
       82.9989131,
       25.3134979
      ],
      [
       83.000285,
       25.3136942
      ],
      [
       83.0016485,
       25.3139337
      ],
      [
       83.0030019,
       25.3142161
      ],
      [
       83.0043436,
       25.314541
      ],
      [
       83.005672,
       25.314908
      ],
      [
       83.0069854,
       25.3153167
      ],
      [
       83.0082822,
       25.3157665
      ],
      [
       83.0095608,
       25.316257
      ],
      [
       83.0108198,
       25.3167875
      ],
      [
       83.0120575,
       25.3173574
      ],
      [
       83.0132725,
       25.317966
      ],
      [
       83.0144633,
       25.3186125
      ],
      [
       83.0156283,
       25.3192962
      ],
      [
       83.0167663,
       25.3200162
      ],
      [
       83.0178758,
       25.3207717
      ],
      [
       83.0189555,
       25.3215617
      ],
      [
       83.0200041,
       25.3223853
      ],
      [
       83.0210202,
       25.3232414
      ],
      [
       83.0220026,
       25.3241291
      ],
      [
       83.0229502,
       25.3250472
      ],
      [
       83.0238618,
       25.3259947
      ],
      [
       83.0247363,
       25.3269703
      ],
      [
       83.0255726,
       25.3279729
      ],
      [
       83.0263696,
       25.3290013
      ],
      [
       83.0271265,
       25.3300542
      ],
      [
       83.0278423,
       25.3311303
      ],
      [
       83.0285161,
       25.3322283
      ],
      [
       83.0291471,
       25.3333469
      ],
      [
       83.0297346,
       25.3344848
      ],
      [
       83.0302778,
       25.3356404
      ],
      [
       83.030776,
       25.3368125
      ],
      [
       83.0312287,
       25.3379997
      ],
      [
       83.0316352,
       25.3392003
      ],
      [
       83.0319952,
       25.3404131
      ],
      [
       83.0323081,
       25.3416364
      ],
      [
       83.0325736,
       25.3428689
      ],
      [
       83.0327913,
       25.344109
      ],
      [
       83.0329611,
       25.3453552
      ],
      [
       83.0330826,
       25.346606
      ],
      [
       83.0331557,
       25.3478599
      ],
      [
       83.0331803,
       25.3491154
      ],
      [
       83.0331565,
       25.3503708
      ],
      [
       83.0330842,
       25.3516247
      ],
      [
       83.0329635,
       25.3528756
      ],
      [
       83.0327946,
       25.3541219
      ],
      [
       83.0325776,
       25.3553621
      ],
      [
       83.0323129,
       25.3565947
      ],
      [
       83.0320007,
       25.3578183
      ],
      [
       83.0316415,
       25.3590312
      ],
      [
       83.0312356,
       25.3602321
      ],
      [
       83.0307836,
       25.3614194
      ],
      [
       83.030286,
       25.3625918
      ],
      [
       83.0297434,
       25.3637477
      ],
      [
       83.0291565,
       25.3648858
      ],
      [
       83.0285259,
       25.3660047
      ],
      [
       83.0278526,
       25.3671031
      ],
      [
       83.0271372,
       25.3681795
      ],
      [
       83.0263806,
       25.3692328
      ],
      [
       83.0255838,
       25.3702615
      ],
      [
       83.0247478,
       25.3712645
      ],
      [
       83.0238735,
       25.3722404
      ],
      [
       83.022962,
       25.3731883
      ],
      [
       83.0220145,
       25.3741067
      ],
      [
       83.021032,
       25.3749948
      ],
      [
       83.0200158,
       25.3758513
      ],
      [
       83.0189672,
       25.3766753
      ],
      [
       83.0178873,
       25.3774656
      ],
      [
       83.0167776,
       25.3782215
      ],
      [
       83.0156393,
       25.3789418
      ],
      [
       83.0144739,
       25.3796259
      ],
      [
       83.0132828,
       25.3802727
      ],
      [
       83.0120673,
       25.3808816
      ],
      [
       83.0108291,
       25.3814518
      ],
      [
       83.0095696,
       25.3819826
      ],
      [
       83.0082904,
       25.3824734
      ],
      [
       83.006993,
       25.3829235
      ],
      [
       83.0056789,
       25.3833324
      ],
      [
       83.0043499,
       25.3836996
      ],
      [
       83.0030075,
       25.3840247
      ],
      [
       83.0016533,
       25.3843072
      ],
      [
       83.0002891,
       25.3845468
      ],
      [
       82.9989164,
       25.3847433
      ],
      [
       82.9975369,
       25.3848964
      ],
      [
       82.9961524,
       25.3850059
      ],
      [
       82.9947645,
       25.3850716
      ],
      [
       82.9933749,
       25.3850935
      ]
     ]
    ]
   }
  }
 ]
}